"","student_IDs","Preference_1","Preference_2","Preference_3"
"1","catastrophal_kodiakbear","Chocolate","Strawberry","Rocky Road"
"2","semiemotional_leech","Chocolate","Pistachio","Strawberry"
"3","abstracted_tarantula","Vanilla","Strawberry","Pistachio"
"4","starry_indianglassfish","Chocolate","Mocha","Rocky Road"
"5","domesticated_islandwhistler","Chocolate","Mocha","Strawberry"
"6","patient_tigermoth","Chocolate","Strawberry","Pistachio"
"7","aichmophobic_tahr","Vanilla","Strawberry","Mocha"
"8","especial_gull","Vanilla","Fudge","Pistachio"
"9","nonsecular_skink","Vanilla","Strawberry","Fudge"
"10","blondish_moose","Chocolate","Rocky Road","Mocha"
"11","gratuitous_buckeyebutterfly","Chocolate","Rocky Road","Strawberry"
"12","lipophobic_unicorn","Chocolate","Mocha","Rocky Road"
"13","unamorous_cusimanse","Chocolate","Fudge","Mocha"
"14","gracious_gordonsetter","Vanilla","Pistachio","Fudge"
"15","teensy_xenopus","Chocolate","Strawberry","Pistachio"
"16","philharmonic_pug","Vanilla","Fudge","Pistachio"
"17","doctorial_gharial","Chocolate","Pistachio","Strawberry"
"18","dutybound_mamba","Chocolate","Fudge","Strawberry"
"19","experimental_dikdik","Vanilla","Strawberry","Rocky Road"
"20","deliberate_maiasaura","Vanilla","Mocha","Pistachio"
"21","dragonlike_cuscus","Chocolate","Rocky Road","Mocha"
"22","deliberative_liger","Chocolate","Mocha","Rocky Road"
"23","anthropoid_raccoon","Vanilla","Strawberry","Mocha"
"24","vanillic_janenschia","Vanilla","Pistachio","Rocky Road"
"25","deformable_hummingbird","Vanilla","Pistachio","Fudge"
"26","proscholastic_nabarlek","Vanilla","Fudge","Rocky Road"
"27","priestless_asiandamselfly","Chocolate","Strawberry","Rocky Road"
"28","statuelike_solenodon","Chocolate","Pistachio","Rocky Road"
"29","consummate_albacoretuna","Chocolate","Mocha","Pistachio"
"30","supportive_atlanticbluetang","Vanilla","Pistachio","Mocha"
"31","corrupted_indusriverdolphin","Chocolate","Strawberry","Pistachio"
"32","elvish_nakedmolerat","Chocolate","Fudge","Pistachio"
"33","lamproite_mantid","Vanilla","Mocha","Strawberry"
"34","credible_taruca","Vanilla","Fudge","Rocky Road"
"35","crafty_cobra","Chocolate","Fudge","Rocky Road"
"36","hexahedral_eastsiberianlaika","Vanilla","Strawberry","Pistachio"
"37","sibling_galapagostortoise","Vanilla","Pistachio","Mocha"
"38","scribophobic_bumblebee","Vanilla","Fudge","Pistachio"
"39","unholy_stoat","Vanilla","Mocha","Fudge"
"40","crushable_milkweedbug","Vanilla","Mocha","Fudge"
"41","androphagous_erne","Chocolate","Rocky Road","Fudge"
"42","glaciologic_wryneck","Chocolate","Fudge","Pistachio"
"43","unfeared_purplemarten","Vanilla","Pistachio","Rocky Road"
"44","preartistic_yosemitetoad","Chocolate","Fudge","Pistachio"
"45","distrustful_myotis","Chocolate","Mocha","Rocky Road"
"46","pitchdark_buckeyebutterfly","Vanilla","Mocha","Fudge"
"47","generic_hamadryas","Chocolate","Rocky Road","Pistachio"
"48","unthinkable_rat","Vanilla","Pistachio","Strawberry"
"49","lignite_riograndeescuerzo","Vanilla","Strawberry","Pistachio"
"50","stricken_amoeba","Vanilla","Fudge","Pistachio"
"51","terrorful_sphinx","Chocolate","Pistachio","Rocky Road"
"52","streaky_uintagroundsquirrel","Vanilla","Strawberry","Rocky Road"
"53","planispherical_wasp","Vanilla","Pistachio","Mocha"
"54","shocked_indigowingedparrot","Vanilla","Pistachio","Strawberry"
"55","semiacidic_boaconstrictor","Chocolate","Rocky Road","Mocha"
"56","nonrationalistical_bantamrooster","Chocolate","Strawberry","Pistachio"
"57","picturesque_pupfish","Vanilla","Strawberry","Rocky Road"
"58","monarchical_newtnutria","Chocolate","Rocky Road","Mocha"
"59","determinative_quahog","Vanilla","Rocky Road","Mocha"
"60","misogynic_gelding","Vanilla","Pistachio","Mocha"
"61","polynuclear_bufeo","Chocolate","Mocha","Strawberry"
"62","droll_basilisk","Vanilla","Rocky Road","Strawberry"
"63","duskish_mastiff","Chocolate","Mocha","Pistachio"
"64","expensive_horseshoecrab","Vanilla","Pistachio","Fudge"
"65","pintsize_octopus","Chocolate","Pistachio","Fudge"
"66","unodoriferous_arrowana","Chocolate","Rocky Road","Strawberry"
"67","nonsecular_sturgeon","Vanilla","Strawberry","Pistachio"
"68","palaeobotanic_dotterel","Vanilla","Mocha","Strawberry"
"69","dandriffy_cleanerwrasse","Vanilla","Strawberry","Pistachio"
"70","increased_eyra","Chocolate","Rocky Road","Strawberry"
"71","wellknown_germanspitz","Vanilla","Mocha","Rocky Road"
"72","reanalyzable_waterbug","Vanilla","Rocky Road","Strawberry"
"73","presentient_jenny","Chocolate","Mocha","Pistachio"
"74","apiologic_pygmy","Chocolate","Fudge","Rocky Road"
"75","fierce_chanticleer","Vanilla","Fudge","Mocha"
"76","palish_hogget","Vanilla","Strawberry","Fudge"
"77","beamish_vulpesvulpes","Chocolate","Mocha","Rocky Road"
"78","undrinkable_harvestmouse","Vanilla","Strawberry","Rocky Road"
"79","spheral_scoter","Chocolate","Fudge","Rocky Road"
"80","lowly_flounder","Chocolate","Mocha","Strawberry"
"81","costly_xenopterygii","Chocolate","Mocha","Pistachio"
"82","untheologic_verdin","Chocolate","Fudge","Pistachio"
"83","forgeable_hydra","Vanilla","Strawberry","Pistachio"
"84","acidy_stagbeetle","Vanilla","Rocky Road","Strawberry"
"85","thermodynamic_metalmarkbutterfly","Vanilla","Fudge","Mocha"
"86","leachy_centipede","Vanilla","Pistachio","Fudge"
"87","carnivoral_xantusmurrelet","Vanilla","Pistachio","Strawberry"
"88","vinicultural_fieldspaniel","Vanilla","Strawberry","Pistachio"
"89","corrupting_marten","Chocolate","Strawberry","Rocky Road"
"90","curium_inexpectatumpleco","Chocolate","Strawberry","Mocha"
"91","grownup_gibbon","Chocolate","Rocky Road","Fudge"
"92","diffractive_woodnymphbutterfly","Chocolate","Pistachio","Rocky Road"
"93","tainted_irishwaterspaniel","Chocolate","Rocky Road","Strawberry"
"94","autonomous_tayra","Vanilla","Strawberry","Rocky Road"
"95","uncalorific_sugarglider","Vanilla","Rocky Road","Fudge"
"96","homicidal_macaque","Vanilla","Strawberry","Pistachio"
"97","nonartistic_portuguesemanofwar","Chocolate","Pistachio","Strawberry"
"98","ranidaphobic_bellsnake","Chocolate","Fudge","Mocha"
"99","circumstantial_trumpeterbird","Chocolate","Strawberry","Rocky Road"
"100","honeysweet_hartebeest","Chocolate","Pistachio","Rocky Road"
"101","complicated_italiangreyhound","Chocolate","Pistachio","Mocha"
"102","superstylish_equestrian","Chocolate","Fudge","Mocha"
"103","ionic_cardinal","Vanilla","Rocky Road","Mocha"
"104","supernaturalistic_albatross","Vanilla","Strawberry","Pistachio"
"105","panicky_peacock","Vanilla","Strawberry","Rocky Road"
"106","cognitive_human","Chocolate","Strawberry","Rocky Road"
"107","instrumental_metamorphosis","Chocolate","Strawberry","Mocha"
"108","nonevolutionary_willet","Chocolate","Pistachio","Mocha"
"109","dandriffy_shoveler","Chocolate","Mocha","Fudge"
"110","gynophobic_alaskanhusky","Vanilla","Strawberry","Mocha"
"111","domineering_verdin","Chocolate","Rocky Road","Pistachio"
"112","senior_xanthareel","Vanilla","Mocha","Rocky Road"
"113","monocultural_foxhound","Vanilla","Mocha","Fudge"
"114","exalted_sow","Chocolate","Rocky Road","Fudge"
"115","stoic_arcticduck","Chocolate","Pistachio","Rocky Road"
"116","apiological_yak","Chocolate","Rocky Road","Strawberry"
"117","remorseful_armedcrab","Chocolate","Mocha","Fudge"
"118","blissful_australianshelduck","Chocolate","Rocky Road","Mocha"
"119","insomniac_duckbillcat","Chocolate","Fudge","Rocky Road"
"120","creamcolored_grub","Chocolate","Fudge","Strawberry"
"121","venal_archaeocete","Chocolate","Fudge","Pistachio"
"122","palaeophilic_umbrette","Chocolate","Fudge","Rocky Road"
"123","purplish_goshawk","Chocolate","Pistachio","Strawberry"
"124","chuckleheaded_stilt","Vanilla","Pistachio","Fudge"
"125","disillusioned_mouse","Chocolate","Pistachio","Mocha"
"126","patricidal_andeancockoftherock","Vanilla","Strawberry","Fudge"
"127","local_xiphosuran","Chocolate","Fudge","Mocha"
"128","chronometrical_bluebreastedkookaburra","Chocolate","Pistachio","Rocky Road"
"129","confident_argentinehornedfrog","Chocolate","Fudge","Mocha"
"130","sportful_teal","Chocolate","Pistachio","Mocha"
"131","physiological_baboon","Vanilla","Rocky Road","Pistachio"
"132","amphitheatric_creature","Chocolate","Rocky Road","Pistachio"
"133","yellow_buck","Vanilla","Mocha","Fudge"
"134","antioptimistical_ringworm","Vanilla","Rocky Road","Mocha"
"135","leady_shibainu","Vanilla","Rocky Road","Pistachio"
"136","underage_hawaiianmonkseal","Chocolate","Fudge","Pistachio"
"137","convective_dogwoodtwigborer","Vanilla","Pistachio","Rocky Road"
"138","hippophobic_goose","Chocolate","Pistachio","Rocky Road"
"139","nonacculturated_beauceron","Chocolate","Fudge","Rocky Road"
"140","carnelian_gartersnake","Vanilla","Pistachio","Fudge"
"141","americium_guineafowl","Chocolate","Strawberry","Fudge"
"142","corduroy_warbler","Vanilla","Pistachio","Mocha"
"143","uninterested_ptarmigan","Vanilla","Fudge","Strawberry"
"144","sassy_nematode","Vanilla","Rocky Road","Fudge"
"145","antiviral_cow","Vanilla","Strawberry","Pistachio"
"146","haptephobic_gull","Chocolate","Strawberry","Rocky Road"
"147","crustaceous_irishdraughthorse","Vanilla","Strawberry","Mocha"
"148","ambigious_hornedtoad","Vanilla","Fudge","Rocky Road"
"149","hotheaded_krill","Chocolate","Fudge","Mocha"
"150","stable_germanshepherd","Chocolate","Pistachio","Fudge"
"151","nonchurchgoing_nyala","Chocolate","Fudge","Strawberry"
"152","eventempered_birdofparadise","Chocolate","Strawberry","Mocha"
"153","selfconceited_swan","Chocolate","Rocky Road","Mocha"
"154","chromatnic_cock","Chocolate","Strawberry","Pistachio"
"155","selfteaching_magpie","Chocolate","Strawberry","Fudge"
"156","tattooed_fieldspaniel","Vanilla","Rocky Road","Mocha"
"157","worried_blackfish","Chocolate","Rocky Road","Pistachio"
"158","tyrannical_coelacanth","Chocolate","Pistachio","Mocha"
"159","homey_chital","Chocolate","Pistachio","Strawberry"
"160","couped_frillneckedlizard","Chocolate","Fudge","Rocky Road"
"161","involved_beardeddragon","Chocolate","Strawberry","Pistachio"
"162","little_nandoo","Chocolate","Rocky Road","Mocha"
"163","warriorlike_americancrocodile","Chocolate","Pistachio","Strawberry"
"164","oversize_muntjac","Chocolate","Mocha","Rocky Road"
"165","minor_malamute","Chocolate","Mocha","Rocky Road"
"166","embracive_globefish","Chocolate","Mocha","Pistachio"
"167","restrictive_taruca","Vanilla","Strawberry","Mocha"
"168","reputable_lunamoth","Chocolate","Mocha","Strawberry"
"169","fabric_bluebottle","Chocolate","Strawberry","Mocha"
"170","bashful_tilefish","Chocolate","Fudge","Rocky Road"
"171","subterranean_arrowcrab","Vanilla","Strawberry","Fudge"
"172","womanly_asp","Chocolate","Mocha","Fudge"
"173","derivative_europeanfiresalamander","Chocolate","Fudge","Strawberry"
"174","gymnasial_puppy","Vanilla","Fudge","Mocha"
"175","nonritualistic_sheep","Chocolate","Mocha","Rocky Road"
"176","naggy_annashummingbird","Chocolate","Pistachio","Strawberry"
"177","astronomical_atlanticspadefish","Vanilla","Pistachio","Strawberry"
"178","odourless_fiddlercrab","Vanilla","Rocky Road","Strawberry"
"179","heedful_rattail","Chocolate","Fudge","Rocky Road"
"180","tridymite_blackcrappie","Vanilla","Strawberry","Mocha"
"181","unworthy_atlanticspadefish","Vanilla","Rocky Road","Mocha"
"182","preeconomic_groundhog","Vanilla","Pistachio","Mocha"
"183","rayon_europeanfiresalamander","Chocolate","Strawberry","Mocha"
"184","sweet_fly","Chocolate","Rocky Road","Fudge"
"185","ittybitty_mousebird","Vanilla","Rocky Road","Fudge"
"186","unsightly_velvetworm","Vanilla","Rocky Road","Mocha"
"187","sericultural_equine","Vanilla","Strawberry","Fudge"
"188","dry_annashummingbird","Chocolate","Strawberry","Fudge"
"189","southernmost_copepod","Vanilla","Fudge","Mocha"
"190","humoristic_jellyfish","Vanilla","Fudge","Rocky Road"
"191","gastric_bettong","Vanilla","Mocha","Rocky Road"
"192","antigravitational_mongoose","Chocolate","Pistachio","Mocha"
"193","charitable_kob","Vanilla","Strawberry","Fudge"
"194","condensable_americanbittern","Chocolate","Rocky Road","Strawberry"
"195","susceptible_boaconstrictor","Vanilla","Pistachio","Fudge"
"196","pentangular_blacknorwegianelkhound","Chocolate","Pistachio","Strawberry"
"197","unsanitized_barracuda","Chocolate","Rocky Road","Pistachio"
"198","overburdened_kiskadee","Vanilla","Fudge","Pistachio"
"199","extranuclear_kinglet","Chocolate","Rocky Road","Pistachio"
"200","overdestructive_squirrel","Chocolate","Fudge","Mocha"
"201","errable_beauceron","Chocolate","Rocky Road","Fudge"
"202","everyday_gemsbuck","Chocolate","Pistachio","Rocky Road"
"203","paradoxal_kudu","Vanilla","Fudge","Mocha"
"204","gadgety_grub","Chocolate","Pistachio","Fudge"
"205","piratic_northernelephantseal","Vanilla","Strawberry","Mocha"
"206","hexed_mule","Chocolate","Rocky Road","Mocha"
"207","dissatisfied_snowmonkey","Chocolate","Strawberry","Mocha"
"208","weary_americansaddlebred","Chocolate","Fudge","Mocha"
"209","psychogenic_kakarikis","Vanilla","Strawberry","Pistachio"
"210","continual_adeliepenguin","Vanilla","Strawberry","Pistachio"
"211","titanous_americancrow","Vanilla","Pistachio","Rocky Road"
"212","reliable_emperorshrimp","Vanilla","Fudge","Mocha"
"213","teal_starling","Vanilla","Strawberry","Rocky Road"
"214","frouzy_coyote","Chocolate","Mocha","Rocky Road"
"215","necrophagous_gibbon","Vanilla","Rocky Road","Pistachio"
"216","oriental_buckeyebutterfly","Chocolate","Strawberry","Pistachio"
"217","aqueous_polliwog","Chocolate","Strawberry","Mocha"
"218","dippy_cirriped","Chocolate","Mocha","Pistachio"
"219","smalltime_tragopan","Vanilla","Rocky Road","Strawberry"
"220","aware_mole","Chocolate","Mocha","Pistachio"
"221","cleanable_antlion","Vanilla","Strawberry","Mocha"
"222","taming_americancurl","Chocolate","Pistachio","Strawberry"
"223","haywire_albatross","Vanilla","Strawberry","Rocky Road"
"224","continuous_puppy","Chocolate","Fudge","Strawberry"
"225","georgiaite_chevrotain","Chocolate","Strawberry","Rocky Road"
"226","intercranial_uromastyxspinipes","Chocolate","Strawberry","Rocky Road"
"227","certificatory_mockingbird","Chocolate","Rocky Road","Strawberry"
"228","diamant_xiphias","Chocolate","Rocky Road","Fudge"
"229","wormish_rottweiler","Vanilla","Mocha","Pistachio"
"230","waterborne_macaque","Vanilla","Pistachio","Rocky Road"
"231","agate_deinonychus","Vanilla","Mocha","Strawberry"
"232","persnickety_seahog","Vanilla","Pistachio","Strawberry"
"233","paleopsychological_whippoorwill","Vanilla","Strawberry","Mocha"
"234","metamorphic_zander","Vanilla","Rocky Road","Fudge"
"235","fair_leafcutterant","Vanilla","Rocky Road","Strawberry"
"236","indigoid_pitbull","Vanilla","Rocky Road","Strawberry"
"237","therapeutic_mule","Vanilla","Pistachio","Mocha"
"238","uncheerful_gelding","Vanilla","Mocha","Strawberry"
"239","heartwhole_eft","Vanilla","Rocky Road","Pistachio"
"240","hasteless_hippopotamus","Chocolate","Rocky Road","Fudge"
"241","expedient_bass","Chocolate","Mocha","Pistachio"
"242","nonprophetical_songbird","Chocolate","Pistachio","Mocha"
"243","albinistic_africanporcupine","Chocolate","Fudge","Mocha"
"244","zincky_sableantelope","Vanilla","Rocky Road","Mocha"
"245","paediatric_galago","Chocolate","Fudge","Strawberry"
"246","existent_gartersnake","Vanilla","Mocha","Rocky Road"
"247","communicatory_americanwigeon","Vanilla","Fudge","Strawberry"
"248","intragovernmental_dikdik","Chocolate","Rocky Road","Strawberry"
"249","petulant_wildebeest","Vanilla","Pistachio","Strawberry"
"250","unirritable_junebug","Vanilla","Rocky Road","Pistachio"
"251","delectable_badger","Vanilla","Pistachio","Rocky Road"
"252","subsolar_stegosaurus","Vanilla","Strawberry","Mocha"
"253","befuddling_borer","Chocolate","Mocha","Fudge"
"254","misanthropic_nightingale","Vanilla","Rocky Road","Strawberry"
"255","unspecialized_iberianemeraldlizard","Chocolate","Pistachio","Rocky Road"
"256","tenderhearted_titi","Chocolate","Fudge","Strawberry"
"257","deep_urial","Chocolate","Pistachio","Strawberry"
"258","transcrystalline_dorado","Vanilla","Pistachio","Rocky Road"
"259","leftist_cheetah","Chocolate","Mocha","Rocky Road"
"260","archeological_asiantrumpetfish","Chocolate","Rocky Road","Strawberry"
"261","crazy_chevrotain","Chocolate","Rocky Road","Fudge"
"262","condensational_rook","Chocolate","Mocha","Pistachio"
"263","gastrovascular_shrike","Vanilla","Rocky Road","Mocha"
"264","acidforming_shihtzu","Vanilla","Rocky Road","Pistachio"
"265","pugnacious_lowchen","Chocolate","Mocha","Fudge"
"266","pancreatic_nijssenissdwarfchihlid","Vanilla","Mocha","Fudge"
"267","unlovely_waterdogs","Vanilla","Rocky Road","Pistachio"
"268","illdisposed_zebrafish","Chocolate","Mocha","Strawberry"
"269","derivational_galapagosmockingbird","Chocolate","Rocky Road","Pistachio"
"270","hyperangelic_yellowjacket","Vanilla","Rocky Road","Mocha"
"271","skilled_dodo","Vanilla","Fudge","Strawberry"
"272","botchy_burro","Vanilla","Strawberry","Fudge"
"273","dorsispinal_icelandichorse","Chocolate","Fudge","Rocky Road"
"274","agile_dogfish","Vanilla","Pistachio","Rocky Road"
"275","fireretardant_rottweiler","Vanilla","Strawberry","Fudge"
"276","isopolitical_americancrayfish","Chocolate","Strawberry","Rocky Road"
"277","civilized_rainbowlorikeet","Vanilla","Fudge","Strawberry"
"278","beggarly_bergerpicard","Vanilla","Rocky Road","Strawberry"
"279","mazelike_nighthawk","Chocolate","Fudge","Rocky Road"
"280","ruby_gypsymoth","Vanilla","Strawberry","Rocky Road"
"281","poachable_atlanticblackgoby","Chocolate","Mocha","Rocky Road"
"282","gossipy_peccary","Vanilla","Pistachio","Fudge"
"283","converted_foxterrier","Vanilla","Pistachio","Strawberry"
"284","chargeable_bluetonguelizard","Vanilla","Strawberry","Pistachio"
"285","sublimational_megalosaurus","Vanilla","Rocky Road","Strawberry"
"286","regrettable_norwayrat","Chocolate","Fudge","Rocky Road"
"287","inextinguishable_vampirebat","Vanilla","Pistachio","Fudge"
"288","viceregal_schipperke","Vanilla","Rocky Road","Pistachio"
"289","ophthalmological_harrierhawk","Vanilla","Mocha","Strawberry"
"290","nonproift_xenops","Chocolate","Mocha","Fudge"
"291","undefeatable_blacknorwegianelkhound","Vanilla","Pistachio","Strawberry"
"292","becoming_atlanticsharpnosepuffer","Chocolate","Rocky Road","Fudge"
"293","pedagogical_irrawaddydolphin","Chocolate","Fudge","Strawberry"
"294","short_heterodontosaurus","Vanilla","Mocha","Fudge"
"295","unpleasing_spiketail","Vanilla","Fudge","Rocky Road"
"296","dreamlike_fulmar","Vanilla","Strawberry","Mocha"
"297","attack_arabianoryx","Vanilla","Pistachio","Strawberry"
"298","asyllabic_alpinegoat","Chocolate","Rocky Road","Pistachio"
"299","cryptographical_canine","Vanilla","Strawberry","Mocha"
"300","rockable_azurevasesponge","Chocolate","Fudge","Mocha"
"301","witching_anhinga","Chocolate","Strawberry","Rocky Road"
"302","fizzy_pussycat","Vanilla","Strawberry","Mocha"
"303","wayward_wildebeast","Vanilla","Pistachio","Strawberry"
"304","decomposed_basilisk","Vanilla","Fudge","Strawberry"
"305","medical_grasshopper","Vanilla","Pistachio","Fudge"
"306","antarthritic_collardlizard","Vanilla","Rocky Road","Mocha"
"307","cottony_mouflon","Vanilla","Rocky Road","Mocha"
"308","turtleshell_scarletibis","Chocolate","Strawberry","Mocha"
"309","werewolflike_bushsqueaker","Chocolate","Mocha","Pistachio"
"310","freezable_sanddollar","Vanilla","Rocky Road","Pistachio"
"311","sweettempered_robberfly","Vanilla","Mocha","Fudge"
"312","livid_firefly","Chocolate","Fudge","Pistachio"
"313","collective_rockrat","Vanilla","Mocha","Pistachio"
"314","unkindhearted_scarab","Chocolate","Mocha","Strawberry"
"315","dizzy_amazontreeboa","Chocolate","Pistachio","Mocha"
"316","managing_copepod","Vanilla","Fudge","Strawberry"
"317","oceanic_zebraswallowtailbutterfly","Chocolate","Strawberry","Pistachio"
"318","alphameric_lynx","Vanilla","Fudge","Pistachio"
"319","downtrodden_collie","Chocolate","Strawberry","Rocky Road"
"320","peachy_myna","Chocolate","Rocky Road","Pistachio"
"321","deferable_weevil","Chocolate","Fudge","Strawberry"
"322","revengeful_degus","Chocolate","Mocha","Strawberry"
"323","siderophyllite_rabbit","Vanilla","Mocha","Pistachio"
"324","chivalrous_schipperke","Chocolate","Strawberry","Fudge"
"325","superbeloved_caecilian","Chocolate","Strawberry","Pistachio"
"326","hygrophilic_silkworm","Vanilla","Pistachio","Rocky Road"
"327","miry_tapaculo","Vanilla","Strawberry","Fudge"
"328","handdrawn_drake","Vanilla","Fudge","Rocky Road"
"329","reedy_belugawhale","Vanilla","Fudge","Pistachio"
"330","metalline_chamois","Vanilla","Rocky Road","Fudge"
"331","nonacademical_coyote","Vanilla","Rocky Road","Strawberry"
"332","brittle_hornedtoad","Vanilla","Mocha","Pistachio"
"333","astrophilic_barnowl","Chocolate","Mocha","Rocky Road"
"334","fluffy_chicken","Chocolate","Rocky Road","Pistachio"
"335","geographical_queenant","Vanilla","Fudge","Rocky Road"
"336","cryptozoic_chuckwalla","Chocolate","Rocky Road","Strawberry"
"337","marmatite_chanticleer","Chocolate","Rocky Road","Pistachio"
"338","statistical_grunion","Chocolate","Pistachio","Strawberry"
"339","saddened_opossum","Vanilla","Fudge","Strawberry"
"340","superangelic_fantail","Vanilla","Mocha","Strawberry"
"341","fishable_erne","Chocolate","Rocky Road","Fudge"
"342","heartwhole_nautilus","Chocolate","Rocky Road","Mocha"
"343","congregational_joey","Chocolate","Rocky Road","Fudge"
"344","cerise_javalina","Vanilla","Fudge","Mocha"
"345","incognisant_bluetonguelizard","Chocolate","Mocha","Rocky Road"
"346","acidulous_americancurl","Chocolate","Rocky Road","Fudge"
"347","gratuitous_pitbull","Vanilla","Fudge","Strawberry"
"348","priceless_huia","Chocolate","Mocha","Fudge"
"349","bleak_hoatzin","Chocolate","Fudge","Strawberry"
"350","pseudozoological_ilsamochadegu","Vanilla","Fudge","Mocha"
"351","cuddly_gorilla","Chocolate","Fudge","Strawberry"
"352","confined_americansaddlebred","Vanilla","Strawberry","Mocha"
"353","concretionary_tegus","Vanilla","Rocky Road","Fudge"
"354","disconsolate_banteng","Vanilla","Strawberry","Pistachio"
"355","garlicky_atlanticbluetang","Vanilla","Mocha","Rocky Road"
"356","inherited_andalusianhorse","Chocolate","Pistachio","Strawberry"
"357","paleozoologic_raven","Chocolate","Strawberry","Rocky Road"
"358","kosher_burro","Vanilla","Rocky Road","Strawberry"
"359","acceptable_marlin","Vanilla","Fudge","Strawberry"
"360","frouzy_watussi","Vanilla","Strawberry","Rocky Road"
"361","full_leveret","Vanilla","Strawberry","Fudge"
"362","detachable_japanesebeetle","Vanilla","Strawberry","Rocky Road"
"363","creamy_barasingha","Chocolate","Fudge","Mocha"
"364","bediasite_norwayrat","Vanilla","Pistachio","Rocky Road"
"365","unalphabetic_gelada","Vanilla","Pistachio","Fudge"
"366","symbolic_longhornbeetle","Vanilla","Mocha","Strawberry"
"367","vermicular_globefish","Vanilla","Pistachio","Rocky Road"
"368","swinish_auklet","Chocolate","Fudge","Mocha"
"369","dirgeful_gerbil","Chocolate","Rocky Road","Pistachio"
"370","aerodynamic_whale","Vanilla","Mocha","Strawberry"
"371","weary_roadrunner","Vanilla","Pistachio","Strawberry"
"372","carroty_kangaroo","Vanilla","Rocky Road","Mocha"
"373","rubbly_darklingbeetle","Vanilla","Pistachio","Fudge"
"374","convenable_okapi","Chocolate","Mocha","Strawberry"
"375","runty_flee","Vanilla","Pistachio","Rocky Road"
"376","herpetologic_nematode","Vanilla","Strawberry","Rocky Road"
"377","halfwhite_noctilio","Vanilla","Rocky Road","Pistachio"
"378","alphabetical_racerunner","Chocolate","Fudge","Strawberry"
"379","soldierlike_blackbuck","Chocolate","Strawberry","Pistachio"
"380","hallucinative_oxen","Vanilla","Mocha","Rocky Road"
"381","chromophobic_pomeranian","Vanilla","Fudge","Pistachio"
"382","destructive_bonobo","Chocolate","Fudge","Rocky Road"
"383","misogynic_scarletibis","Vanilla","Pistachio","Strawberry"
"384","promonarchy_bedbug","Vanilla","Rocky Road","Strawberry"
"385","guiltless_trout","Chocolate","Fudge","Pistachio"
"386","crying_olm","Vanilla","Rocky Road","Strawberry"
"387","antiheroic_goosefish","Vanilla","Strawberry","Rocky Road"
"388","urban_barracuda","Chocolate","Rocky Road","Pistachio"
"389","cocky_porcupine","Vanilla","Fudge","Mocha"
"390","femoral_gazelle","Vanilla","Rocky Road","Strawberry"
"391","gummy_finnishspitz","Vanilla","Mocha","Strawberry"
"392","paraffin_walleye","Chocolate","Fudge","Pistachio"
"393","symphonious_roebuck","Chocolate","Pistachio","Rocky Road"
"394","cut_archerfish","Chocolate","Fudge","Mocha"
"395","disgraceful_starfish","Chocolate","Strawberry","Fudge"
"396","ignored_marten","Chocolate","Mocha","Rocky Road"
"397","linguistic_yeti","Vanilla","Mocha","Fudge"
"398","tautological_quokka","Vanilla","Rocky Road","Pistachio"
"399","airborne_sableantelope","Vanilla","Rocky Road","Fudge"
"400","baby_nettlefish","Chocolate","Fudge","Strawberry"
"401","deformative_reynard","Vanilla","Pistachio","Strawberry"
"402","succinct_noolbenger","Vanilla","Rocky Road","Mocha"
"403","teenyweeny_hammerkop","Chocolate","Mocha","Fudge"
"404","apian_quoll","Vanilla","Strawberry","Mocha"
"405","soppy_owlbutterfly","Chocolate","Mocha","Strawberry"
"406","nontheatrical_basenji","Vanilla","Pistachio","Strawberry"
"407","warmish_australiankestrel","Chocolate","Mocha","Strawberry"
"408","nonacculturated_furseal","Chocolate","Mocha","Pistachio"
"409","convictive_bug","Vanilla","Pistachio","Mocha"
"410","lagging_snipe","Chocolate","Strawberry","Mocha"
"411","ostentatious_iberianlynx","Vanilla","Pistachio","Rocky Road"
"412","joking_goldfish","Chocolate","Rocky Road","Mocha"
"413","grouchy_blackmamba","Chocolate","Strawberry","Mocha"
"414","crystal_vipersquid","Chocolate","Pistachio","Fudge"
"415","motionless_asiansmallclawedotter","Vanilla","Strawberry","Pistachio"
"416","renegotiable_gonolek","Vanilla","Rocky Road","Strawberry"
"417","adversarial_fluke","Vanilla","Strawberry","Mocha"
"418","snowy_dogfish","Vanilla","Rocky Road","Strawberry"
"419","pinkish_echidna","Vanilla","Pistachio","Rocky Road"
"420","planetoidal_zebratailedlizard","Chocolate","Mocha","Fudge"
"421","horsy_seagull","Vanilla","Fudge","Pistachio"
"422","unpleasant_yellowbelliedmarmot","Vanilla","Strawberry","Fudge"
"423","fameless_sable","Chocolate","Strawberry","Fudge"
"424","shamanic_otter","Chocolate","Mocha","Fudge"
"425","dirtyfaced_flee","Vanilla","Strawberry","Rocky Road"
"426","registerable_shelduck","Vanilla","Strawberry","Fudge"
"427","gaseous_desertpupfish","Vanilla","Mocha","Fudge"
"428","dainty_unau","Vanilla","Pistachio","Mocha"
"429","snoopy_africanaugurbuzzard","Chocolate","Pistachio","Fudge"
"430","chosen_pittabird","Vanilla","Strawberry","Mocha"
"431","bairnly_beauceron","Chocolate","Strawberry","Fudge"
"432","etymologic_bubblefish","Vanilla","Fudge","Mocha"
"433","assiduous_bobcat","Vanilla","Fudge","Strawberry"
"434","unalphabetical_grub","Vanilla","Mocha","Pistachio"
"435","semantic_quadrisectus","Vanilla","Rocky Road","Fudge"
"436","underage_ballpython","Chocolate","Mocha","Fudge"
"437","unlight_wattlebird","Vanilla","Mocha","Fudge"
"438","exploding_raccoon","Chocolate","Pistachio","Mocha"
"439","fermentable_chafer","Vanilla","Pistachio","Strawberry"
"440","animalistic_queenalexandrasbirdwingbutterfly","Vanilla","Fudge","Strawberry"
"441","astrobiological_swordfish","Chocolate","Pistachio","Rocky Road"
"442","quasischolastic_ibex","Chocolate","Pistachio","Mocha"
"443","castoff_dobermanpinscher","Vanilla","Rocky Road","Fudge"
"444","furred_canadagoose","Vanilla","Pistachio","Mocha"
"445","karmic_nyala","Vanilla","Pistachio","Mocha"
"446","chiselled_velvetcrab","Chocolate","Strawberry","Pistachio"
"447","flavoury_brant","Vanilla","Strawberry","Pistachio"
"448","transparent_harvestmen","Vanilla","Fudge","Rocky Road"
"449","automatic_quahog","Vanilla","Strawberry","Pistachio"
"450","egoistic_bluebreastedkookaburra","Vanilla","Rocky Road","Strawberry"
"451","unsympathetic_gourami","Vanilla","Rocky Road","Pistachio"
"452","pleased_gangesdolphin","Chocolate","Rocky Road","Mocha"
"453","flattish_limpet","Vanilla","Rocky Road","Mocha"
"454","potty_galapagospenguin","Chocolate","Rocky Road","Mocha"
"455","redoubtable_hog","Chocolate","Mocha","Rocky Road"
"456","foggy_coelacanth","Vanilla","Pistachio","Strawberry"
"457","strontium_bluebottlejellyfish","Vanilla","Fudge","Strawberry"
"458","cerise_barnowl","Vanilla","Pistachio","Mocha"
"459","crystalloidal_germanshepherd","Vanilla","Strawberry","Rocky Road"
"460","bonny_agama","Chocolate","Rocky Road","Pistachio"
"461","nonmystic_chihuahua","Vanilla","Pistachio","Fudge"
"462","tin_waterbuck","Chocolate","Mocha","Pistachio"
"463","asteria_carp","Vanilla","Pistachio","Mocha"
"464","unlightened_ferret","Chocolate","Strawberry","Pistachio"
"465","unaccepted_indianspinyloach","Vanilla","Fudge","Strawberry"
"466","horrendous_martin","Vanilla","Strawberry","Pistachio"
"467","diamantiferous_tapaculo","Vanilla","Rocky Road","Strawberry"
"468","gnatty_indianhare","Vanilla","Rocky Road","Pistachio"
"469","unfrightening_tick","Vanilla","Strawberry","Fudge"
"470","able_isabellineshrike","Vanilla","Strawberry","Mocha"
"471","terroristic_americanratsnake","Vanilla","Pistachio","Strawberry"
"472","decidophobic_rhea","Vanilla","Pistachio","Strawberry"
"473","honeysweet_avocet","Vanilla","Strawberry","Pistachio"
"474","antioptimistic_cicada","Vanilla","Fudge","Mocha"
"475","middleclass_banteng","Chocolate","Rocky Road","Mocha"
"476","watchful_goldfinch","Chocolate","Pistachio","Strawberry"
"477","sharpset_jumpingbean","Chocolate","Rocky Road","Fudge"
"478","gerascophobic_maltesedog","Vanilla","Pistachio","Strawberry"
"479","subpentagonal_nabarlek","Chocolate","Rocky Road","Pistachio"
"480","arboricultural_bluewhale","Vanilla","Rocky Road","Fudge"
"481","webby_mollusk","Vanilla","Fudge","Pistachio"
"482","interartistic_brahmancow","Vanilla","Rocky Road","Mocha"
"483","hypersaintly_lark","Vanilla","Rocky Road","Mocha"
"484","uncivic_anglerfish","Vanilla","Rocky Road","Strawberry"
"485","facile_seaslug","Vanilla","Rocky Road","Mocha"
"486","chorographical_creature","Vanilla","Mocha","Rocky Road"
"487","refractional_hartebeest","Vanilla","Pistachio","Strawberry"
"488","doomed_wireworm","Chocolate","Fudge","Pistachio"
"489","likely_indianjackal","Chocolate","Pistachio","Strawberry"
"490","nonglacial_africanclawedfrog","Vanilla","Mocha","Pistachio"
"491","metamorphous_nag","Vanilla","Rocky Road","Pistachio"
"492","uptight_appaloosa","Chocolate","Rocky Road","Mocha"
"493","nonblack_coqui","Vanilla","Strawberry","Pistachio"
"494","scorpaenoid_inganue","Chocolate","Rocky Road","Fudge"
"495","grisly_amurratsnake","Vanilla","Mocha","Strawberry"
"496","grave_dogwoodtwigborer","Chocolate","Mocha","Fudge"
"497","cinematic_prairiedog","Vanilla","Pistachio","Fudge"
"498","ethological_cur","Vanilla","Strawberry","Mocha"
"499","materialistic_degus","Chocolate","Mocha","Pistachio"
"500","tigerseye_giraffe","Chocolate","Fudge","Pistachio"
"501","previgilant_marabou","Vanilla","Strawberry","Pistachio"
"502","snowcapped_hamadryad","Chocolate","Strawberry","Fudge"
"503","snappy_astarte","Vanilla","Strawberry","Pistachio"
"504","suspicious_queenconch","Vanilla","Fudge","Rocky Road"
"505","gorgeable_urchin","Vanilla","Rocky Road","Pistachio"
"506","saddening_mongoose","Vanilla","Rocky Road","Pistachio"
"507","plutonium_beardeddragon","Chocolate","Mocha","Pistachio"
"508","uninteresting_baboon","Vanilla","Fudge","Rocky Road"
"509","armoured_adamsstaghornedbeetle","Vanilla","Pistachio","Mocha"
"510","weighted_beetle","Vanilla","Fudge","Pistachio"
"511","unwashed_cockatoo","Vanilla","Strawberry","Rocky Road"
"512","runtish_silverfox","Chocolate","Strawberry","Fudge"
"513","ruddy_iguanodon","Vanilla","Fudge","Strawberry"
"514","sibling_kangaroo","Chocolate","Pistachio","Mocha"
"515","carbasus_watussi","Chocolate","Pistachio","Strawberry"
"516","entire_monoclonius","Vanilla","Mocha","Strawberry"
"517","carping_civet","Chocolate","Fudge","Mocha"
"518","curved_goral","Chocolate","Strawberry","Rocky Road"
"519","clay_springtail","Vanilla","Fudge","Mocha"
"520","abiotic_rhinocerosbeetle","Vanilla","Mocha","Strawberry"
"521","flaming_quagga","Chocolate","Fudge","Strawberry"
"522","nonfireproof_dikdik","Vanilla","Pistachio","Rocky Road"
"523","independent_swallow","Chocolate","Mocha","Fudge"
"524","nonsolicitous_chimpanzee","Vanilla","Strawberry","Pistachio"
"525","antimonarchistic_hapuka","Chocolate","Fudge","Strawberry"
"526","stegophilic_asianconstablebutterfly","Vanilla","Rocky Road","Strawberry"
"527","ultrafaultless_stag","Vanilla","Pistachio","Fudge"
"528","einsteinium_ekaltadeta","Chocolate","Strawberry","Fudge"
"529","azure_africanporcupine","Vanilla","Pistachio","Strawberry"
"530","festive_zenaida","Vanilla","Fudge","Pistachio"
"531","uncalorific_cub","Chocolate","Fudge","Rocky Road"
"532","semipolitical_tapaculo","Vanilla","Pistachio","Mocha"
"533","quartz_wrasse","Vanilla","Fudge","Pistachio"
"534","superluxurious_noolbenger","Chocolate","Pistachio","Mocha"
"535","artless_mamba","Chocolate","Mocha","Rocky Road"
"536","pugnacious_kestrel","Vanilla","Strawberry","Mocha"
"537","followable_quahog","Vanilla","Rocky Road","Strawberry"
"538","responsive_massasauga","Chocolate","Strawberry","Rocky Road"
"539","vertical_pacificparrotlet","Vanilla","Mocha","Rocky Road"
"540","nonmagnetic_loon","Vanilla","Pistachio","Mocha"
"541","bland_fossa","Chocolate","Mocha","Pistachio"
"542","balneological_muskox","Vanilla","Pistachio","Mocha"
"543","inappropriate_attwatersprairiechicken","Chocolate","Fudge","Pistachio"
"544","freakish_vulpesvulpes","Vanilla","Rocky Road","Strawberry"
"545","impolite_indianskimmer","Vanilla","Fudge","Pistachio"
"546","inextinguishable_metamorphosis","Chocolate","Mocha","Fudge"
"547","clippable_africanrockpython","Chocolate","Pistachio","Mocha"
"548","wood_irukandjijellyfish","Vanilla","Rocky Road","Fudge"
"549","controversial_xrayfish","Chocolate","Fudge","Pistachio"
"550","commonsensible_americancrow","Chocolate","Pistachio","Mocha"
"551","interspinal_sanderling","Chocolate","Strawberry","Rocky Road"
"552","lawlike_dragon","Chocolate","Strawberry","Fudge"
"553","nonpsychoanalytical_velvetworm","Chocolate","Rocky Road","Pistachio"
"554","godless_avocet","Vanilla","Fudge","Mocha"
"555","hyperintelligent_bufflehead","Vanilla","Pistachio","Mocha"
"556","probable_kronosaurus","Vanilla","Strawberry","Fudge"
"557","immobile_horse","Vanilla","Strawberry","Fudge"
"558","existential_reptile","Vanilla","Pistachio","Fudge"
"559","quasipolitical_peccary","Vanilla","Fudge","Pistachio"
"560","dodecasyllabic_grouse","Chocolate","Fudge","Mocha"
"561","discretional_springtail","Chocolate","Pistachio","Fudge"
"562","supportive_wreckfish","Vanilla","Fudge","Rocky Road"
"563","corporative_wuerhosaurus","Vanilla","Mocha","Strawberry"
"564","unfashionable_pekingese","Vanilla","Fudge","Pistachio"
"565","snugging_nag","Vanilla","Mocha","Pistachio"
"566","unacidic_zopilote","Chocolate","Pistachio","Mocha"
"567","straightforward_tegus","Chocolate","Rocky Road","Fudge"
"568","antagonisable_americancreamdraft","Chocolate","Fudge","Rocky Road"
"569","checked_wireworm","Vanilla","Fudge","Mocha"
"570","sunny_oropendola","Vanilla","Pistachio","Rocky Road"
"571","shady_jaguar","Chocolate","Fudge","Mocha"
"572","molybdenite_leech","Chocolate","Fudge","Rocky Road"
"573","paranormal_bengaltiger","Vanilla","Fudge","Mocha"
"574","southeastward_harvestmouse","Chocolate","Mocha","Rocky Road"
"575","wieldy_icelandgull","Vanilla","Pistachio","Fudge"
"576","arid_cub","Vanilla","Mocha","Strawberry"
"577","framable_rabbit","Vanilla","Fudge","Strawberry"
"578","disingenuous_snowmonkey","Chocolate","Strawberry","Rocky Road"
"579","coverable_fanworms","Vanilla","Mocha","Pistachio"
"580","goodtempered_eastsiberianlaika","Chocolate","Rocky Road","Mocha"
"581","meagre_cero","Vanilla","Rocky Road","Strawberry"
"582","snowcapped_boar","Chocolate","Rocky Road","Fudge"
"583","bottlegreen_sableantelope","Vanilla","Strawberry","Fudge"
"584","velour_asianporcupine","Vanilla","Fudge","Pistachio"
"585","highclass_snowleopard","Vanilla","Mocha","Strawberry"
"586","venomous_serval","Chocolate","Rocky Road","Mocha"
"587","unpsychopathic_frilledlizard","Vanilla","Rocky Road","Strawberry"
"588","unthanking_woodstorks","Chocolate","Rocky Road","Mocha"
"589","endocrinopathic_curassow","Vanilla","Pistachio","Fudge"
"590","wellknown_gemsbuck","Vanilla","Mocha","Strawberry"
"591","enjambed_lynx","Chocolate","Strawberry","Rocky Road"
"592","apprehensive_marbledmurrelet","Chocolate","Rocky Road","Fudge"
"593","prodemocrat_hog","Vanilla","Strawberry","Mocha"
"594","highbred_urchin","Chocolate","Pistachio","Strawberry"
"595","uncrystalled_tomtit","Vanilla","Pistachio","Fudge"
"596","protactium_giraffe","Vanilla","Rocky Road","Fudge"
"597","earthbound_dikkops","Chocolate","Strawberry","Fudge"
"598","revengeful_megaraptor","Chocolate","Rocky Road","Strawberry"
"599","affirmative_abalone","Vanilla","Fudge","Rocky Road"
"600","extravertive_iberianbarbel","Vanilla","Rocky Road","Pistachio"
"601","semitheatrical_koi","Chocolate","Fudge","Mocha"
"602","glass_inexpectatumpleco","Vanilla","Rocky Road","Fudge"
"603","tacky_salmon","Vanilla","Pistachio","Mocha"
"604","patronal_axisdeer","Chocolate","Pistachio","Mocha"
"605","gnarly_americanmarten","Vanilla","Mocha","Pistachio"
"606","blamable_jackrabbit","Chocolate","Mocha","Rocky Road"
"607","unlightened_nematode","Chocolate","Strawberry","Mocha"
"608","ironical_sidewinder","Chocolate","Strawberry","Rocky Road"
"609","subpyramidal_baldeagle","Vanilla","Pistachio","Fudge"
"610","nondemocratic_azurevasesponge","Chocolate","Mocha","Rocky Road"
"611","bacciform_antelope","Vanilla","Fudge","Pistachio"
"612","abducent_gecko","Chocolate","Strawberry","Rocky Road"
"613","electrocardiographic_spoonbill","Vanilla","Mocha","Fudge"
"614","coldblooded_kite","Vanilla","Mocha","Strawberry"
"615","unarmed_hagfish","Chocolate","Strawberry","Mocha"
"616","acidophobic_purplemarten","Chocolate","Mocha","Strawberry"
"617","crusty_tapir","Vanilla","Pistachio","Strawberry"
"618","smileless_diamondbackrattlesnake","Chocolate","Fudge","Rocky Road"
"619","cretaceous_camel","Vanilla","Fudge","Rocky Road"
"620","chorographical_krill","Vanilla","Strawberry","Pistachio"
"621","especial_bordercollie","Vanilla","Pistachio","Strawberry"
"622","lacquerware_abyssiniancat","Chocolate","Pistachio","Mocha"
"623","pubescent_parakeet","Vanilla","Rocky Road","Fudge"
"624","farsighted_archaeocete","Chocolate","Strawberry","Rocky Road"
"625","frosty_ibex","Chocolate","Pistachio","Fudge"
"626","uncategorised_zeren","Vanilla","Rocky Road","Strawberry"
"627","literal_kinkajou","Vanilla","Mocha","Pistachio"
"628","wellpoliced_dormouse","Vanilla","Rocky Road","Mocha"
"629","paleopsychological_wreckfish","Vanilla","Mocha","Strawberry"
"630","overluxurious_bats","Vanilla","Pistachio","Strawberry"
"631","ready_drever","Chocolate","Rocky Road","Strawberry"
"632","pseudoscholastic_eel","Chocolate","Fudge","Rocky Road"
"633","convectional_alpaca","Vanilla","Pistachio","Rocky Road"
"634","disliked_amethystgemclam","Chocolate","Fudge","Rocky Road"
"635","unaroused_redstart","Vanilla","Fudge","Rocky Road"
"636","caffeinated_arieltoucan","Chocolate","Strawberry","Pistachio"
"637","fungal_tarsier","Vanilla","Strawberry","Fudge"
"638","capitalist_rainbowfish","Chocolate","Mocha","Fudge"
"639","unrefrigerated_asiaticmouflon","Chocolate","Rocky Road","Fudge"
"640","curmudgeonly_asiandamselfly","Vanilla","Rocky Road","Fudge"
"641","loveable_mare","Vanilla","Pistachio","Mocha"
"642","addlebrained_chickadee","Chocolate","Pistachio","Rocky Road"
"643","florid_walkingstick","Vanilla","Strawberry","Rocky Road"
"644","companionable_cassowary","Vanilla","Mocha","Pistachio"
"645","crass_waterbuck","Chocolate","Fudge","Mocha"
"646","uncongested_kingsnake","Chocolate","Strawberry","Pistachio"
"647","distractible_bichonfrise","Vanilla","Strawberry","Rocky Road"
"648","ferreous_cock","Vanilla","Rocky Road","Pistachio"
"649","petit_shelduck","Vanilla","Pistachio","Rocky Road"
"650","genuine_ptarmigan","Chocolate","Strawberry","Rocky Road"
"651","bloated_hamadryas","Vanilla","Strawberry","Pistachio"
"652","hydrometallurgical_bushsqueaker","Vanilla","Rocky Road","Fudge"
"653","rosy_bee","Vanilla","Pistachio","Mocha"
"654","enharmonic_indianabat","Vanilla","Rocky Road","Mocha"
"655","interlibrary_katydid","Vanilla","Rocky Road","Mocha"
"656","precrystalline_hapuku","Vanilla","Rocky Road","Mocha"
"657","tangled_egg","Vanilla","Strawberry","Mocha"
"658","shapable_xenops","Chocolate","Rocky Road","Strawberry"
"659","undenominated_galapagoshawk","Vanilla","Pistachio","Mocha"
"660","trisyllabic_tick","Chocolate","Pistachio","Rocky Road"
"661","irresponsible_flycatcher","Chocolate","Pistachio","Rocky Road"
"662","uncrystalline_aidi","Chocolate","Rocky Road","Fudge"
"663","zinnwaldite_hummingbird","Vanilla","Rocky Road","Mocha"
"664","soaplike_americanbobtail","Vanilla","Rocky Road","Mocha"
"665","diamantine_americancicada","Vanilla","Rocky Road","Pistachio"
"666","pseudoconservative_mockingbird","Chocolate","Mocha","Fudge"
"667","establishmentarian_crownofthornsstarfish","Chocolate","Fudge","Strawberry"
"668","fun_yearling","Vanilla","Rocky Road","Strawberry"
"669","baryte_molly","Vanilla","Rocky Road","Mocha"
"670","banal_yellowbellylizard","Chocolate","Pistachio","Fudge"
"671","smoothtongued_neonrainbowfish","Chocolate","Rocky Road","Mocha"
"672","ignorant_xenops","Vanilla","Strawberry","Fudge"
"673","fruited_bird","Vanilla","Strawberry","Pistachio"
"674","undercoloured_azurevase","Chocolate","Pistachio","Rocky Road"
"675","average_sow","Chocolate","Mocha","Pistachio"
"676","neutered_hedgehog","Chocolate","Pistachio","Strawberry"
"677","sublimational_snowmonkey","Vanilla","Mocha","Fudge"
"678","subtriangular_jenny","Chocolate","Rocky Road","Fudge"
"679","feral_hermitcrab","Vanilla","Fudge","Pistachio"
"680","roguish_lowchen","Chocolate","Fudge","Mocha"
"681","pisciform_gyrfalcon","Vanilla","Fudge","Mocha"
"682","chorographic_yellowlegs","Chocolate","Mocha","Strawberry"
"683","blackcoated_buzzard","Vanilla","Mocha","Pistachio"
"684","stainable_sulphurbutterfly","Chocolate","Strawberry","Pistachio"
"685","usual_sow","Vanilla","Fudge","Pistachio"
"686","acute_greyhounddog","Chocolate","Fudge","Mocha"
"687","dicey_zanzibardaygecko","Vanilla","Pistachio","Fudge"
"688","feudalist_seabird","Chocolate","Strawberry","Pistachio"
"689","sick_hylaeosaurus","Chocolate","Mocha","Rocky Road"
"690","front_leafcutterant","Vanilla","Fudge","Mocha"
"691","miserly_loggerheadturtle","Vanilla","Strawberry","Rocky Road"
"692","cobwebby_guppy","Vanilla","Fudge","Strawberry"
"693","dotted_alaskanmalamute","Vanilla","Rocky Road","Strawberry"
"694","definable_quinquespinosus","Chocolate","Strawberry","Mocha"
"695","cataclysmic_sunbear","Vanilla","Strawberry","Rocky Road"
"696","unkempt_lamprey","Chocolate","Strawberry","Fudge"
"697","captivative_waterboatman","Chocolate","Rocky Road","Fudge"
"698","lead_bat","Vanilla","Rocky Road","Mocha"
"699","unimaginative_ilsamochadegu","Vanilla","Rocky Road","Pistachio"
"700","unpolitical_bufflehead","Vanilla","Strawberry","Fudge"
"701","obese_dowitcher","Vanilla","Strawberry","Mocha"
"702","tonguetied_barebirdbat","Chocolate","Strawberry","Rocky Road"
"703","extroverted_bandicoot","Chocolate","Mocha","Fudge"
"704","scotophobic_polecat","Chocolate","Pistachio","Mocha"
"705","voodooistic_hake","Chocolate","Fudge","Pistachio"
"706","coseys_blacklemur","Vanilla","Pistachio","Rocky Road"
"707","sensitive_dinosaur","Chocolate","Strawberry","Rocky Road"
"708","ununbium_herring","Vanilla","Strawberry","Pistachio"
"709","audiophilic_aztecant","Chocolate","Rocky Road","Strawberry"
"710","disgraceful_aquaticleech","Chocolate","Mocha","Rocky Road"
"711","aforementioned_hapuku","Chocolate","Strawberry","Rocky Road"
"712","antipestilential_catbird","Chocolate","Fudge","Rocky Road"
"713","crystalline_imperatorangel","Vanilla","Fudge","Mocha"
"714","shapeable_flyingfox","Chocolate","Strawberry","Pistachio"
"715","gynephilic_xuanhuasaurus","Vanilla","Rocky Road","Mocha"
"716","coyish_islandwhistler","Chocolate","Rocky Road","Strawberry"
"717","countrified_rhinoceros","Chocolate","Mocha","Strawberry"
"718","wicked_easternnewt","Vanilla","Mocha","Strawberry"
"719","half_nightingale","Vanilla","Mocha","Strawberry"
"720","heretical_hyena","Vanilla","Strawberry","Mocha"
"721","shadowed_teal","Vanilla","Mocha","Pistachio"
"722","bioecological_arabianhorse","Chocolate","Pistachio","Fudge"
"723","overjoyed_phoenix","Chocolate","Pistachio","Strawberry"
"724","fermentable_duckbillplatypus","Chocolate","Fudge","Rocky Road"
"725","nutlike_finch","Vanilla","Mocha","Rocky Road"
"726","dynamic_germanshorthairedpointer","Chocolate","Pistachio","Strawberry"
"727","delighted_finch","Vanilla","Strawberry","Mocha"
"728","silvery_harrier","Chocolate","Rocky Road","Mocha"
"729","polar_andalusianhorse","Vanilla","Fudge","Pistachio"
"730","semiparalyzed_anglerfish","Chocolate","Rocky Road","Pistachio"
"731","effaceable_southernhairnosedwombat","Chocolate","Rocky Road","Pistachio"
"732","late_goitered","Vanilla","Fudge","Strawberry"
"733","angstridden_wrasse","Chocolate","Strawberry","Fudge"
"734","ecological_antelopegroundsquirrel","Chocolate","Mocha","Rocky Road"
"735","expeditionary_indochinahogdeer","Chocolate","Mocha","Pistachio"
"736","monumental_englishpointer","Chocolate","Fudge","Rocky Road"
"737","reclining_imago","Chocolate","Rocky Road","Mocha"
"738","diplocardiac_bobwhite","Vanilla","Strawberry","Fudge"
"739","ellipsoidal_peafowl","Chocolate","Mocha","Fudge"
"740","efficacious_dorado","Chocolate","Strawberry","Rocky Road"
"741","reserved_archerfish","Chocolate","Pistachio","Rocky Road"
"742","resalable_tragopan","Vanilla","Fudge","Rocky Road"
"743","statistical_cuckoo","Vanilla","Mocha","Strawberry"
"744","paragonita_ungulate","Vanilla","Mocha","Rocky Road"
"745","unconstitutional_elephantbeetle","Chocolate","Pistachio","Mocha"
"746","interlibrary_crocodile","Vanilla","Strawberry","Rocky Road"
"747","personal_fairyfly","Vanilla","Rocky Road","Pistachio"
"748","olericultural_americanalligator","Vanilla","Pistachio","Strawberry"
"749","empiristic_yellowlegs","Chocolate","Fudge","Mocha"
"750","polymorphonuclear_alleycat","Vanilla","Fudge","Mocha"
"751","rough_flickertailsquirrel","Chocolate","Pistachio","Fudge"
"752","expensive_orangutan","Chocolate","Fudge","Mocha"
"753","wispy_dutchsmoushond","Chocolate","Rocky Road","Mocha"
"754","protective_adouri","Vanilla","Strawberry","Fudge"
"755","spectacular_atlasmoth","Chocolate","Fudge","Pistachio"
"756","preliterary_littlenightmonkeys","Chocolate","Fudge","Mocha"
"757","tabarded_warbler","Chocolate","Strawberry","Fudge"
"758","wornout_pittabird","Vanilla","Rocky Road","Mocha"
"759","farseeing_woodchuck","Chocolate","Fudge","Pistachio"
"760","veryblue_halibut","Vanilla","Fudge","Rocky Road"
"761","former_elephantseal","Vanilla","Pistachio","Strawberry"
"762","heartstricken_wolfspider","Vanilla","Fudge","Rocky Road"
"763","ambisyllabic_dikkops","Vanilla","Strawberry","Mocha"
"764","super_adamsstaghornedbeetle","Vanilla","Pistachio","Rocky Road"
"765","semirebellious_waxwing","Vanilla","Mocha","Fudge"
"766","highfaluting_rattlesnake","Chocolate","Pistachio","Rocky Road"
"767","homeopathic_angwantibo","Vanilla","Fudge","Rocky Road"
"768","checkered_banteng","Vanilla","Fudge","Rocky Road"
"769","effusive_redpoll","Vanilla","Pistachio","Mocha"
"770","exploitative_hydatidtapeworm","Chocolate","Strawberry","Pistachio"
"771","unexperimental_tadpole","Chocolate","Mocha","Rocky Road"
"772","matricidal_manatee","Chocolate","Rocky Road","Mocha"
"773","adorable_redheadedwoodpecker","Chocolate","Mocha","Fudge"
"774","effigial_pronghorn","Chocolate","Strawberry","Mocha"
"775","wroughtiron_emeraldtreeskink","Vanilla","Rocky Road","Fudge"
"776","preggers_genet","Chocolate","Rocky Road","Strawberry"
"777","unwealthy_americanwirehair","Vanilla","Mocha","Pistachio"
"778","disastrous_adouri","Chocolate","Fudge","Pistachio"
"779","piperaceous_xiphosuran","Vanilla","Pistachio","Strawberry"
"780","skeletonlike_tegus","Vanilla","Pistachio","Fudge"
"781","paleobiological_ichthyosaurs","Vanilla","Mocha","Rocky Road"
"782","attentive_europeanpolecat","Vanilla","Mocha","Pistachio"
"783","unhumanitarian_albatross","Chocolate","Mocha","Fudge"
"784","touristy_killifish","Vanilla","Rocky Road","Pistachio"
"785","nondeadly_dikkops","Chocolate","Pistachio","Mocha"
"786","floristic_agama","Chocolate","Rocky Road","Fudge"
"787","bloodsucking_myna","Chocolate","Rocky Road","Mocha"
"788","nonzoologic_ambushbug","Vanilla","Rocky Road","Mocha"
"789","demented_hound","Vanilla","Mocha","Strawberry"
"790","lyrical_catfish","Chocolate","Rocky Road","Strawberry"
"791","erasable_mongoose","Vanilla","Fudge","Rocky Road"
"792","uncreative_rodent","Vanilla","Mocha","Pistachio"
"793","unfoolish_plover","Vanilla","Strawberry","Pistachio"
"794","gorgeable_ringtailedlemur","Vanilla","Rocky Road","Fudge"
"795","pseudoreligious_wallaby","Chocolate","Mocha","Fudge"
"796","hexametral_swellfish","Chocolate","Fudge","Rocky Road"
"797","lemuroid_martin","Chocolate","Pistachio","Strawberry"
"798","aphidian_easteuropeanshepherd","Chocolate","Fudge","Rocky Road"
"799","semimagical_shark","Chocolate","Pistachio","Rocky Road"
"800","retired_betafish","Vanilla","Mocha","Pistachio"
"801","rejoiceful_mustang","Vanilla","Fudge","Pistachio"
"802","plaid_thrasher","Vanilla","Fudge","Rocky Road"
"803","hemihedral_aquaticleech","Vanilla","Pistachio","Rocky Road"
"804","microbic_argusfish","Chocolate","Fudge","Pistachio"
"805","overparticular_polyp","Vanilla","Fudge","Pistachio"
"806","gigantic_rhino","Vanilla","Fudge","Pistachio"
"807","dovish_longhornbeetle","Chocolate","Strawberry","Mocha"
"808","taxidermal_atlanticridleyturtle","Chocolate","Strawberry","Pistachio"
"809","solidifiable_douglasfirbarkbeetle","Vanilla","Fudge","Mocha"
"810","nonspinal_massospondylus","Vanilla","Pistachio","Rocky Road"
"811","semidry_xantusmurrelet","Vanilla","Fudge","Rocky Road"
"812","conspiratorial_rainbowlorikeet","Vanilla","Mocha","Pistachio"
"813","earthly_beagle","Vanilla","Fudge","Mocha"
"814","edgy_irishdraughthorse","Vanilla","Rocky Road","Fudge"
"815","pseudopsychological_goldenmantledgroundsquirrel","Vanilla","Rocky Road","Mocha"
"816","prophesiable_xuanhuaceratops","Vanilla","Strawberry","Fudge"
"817","robust_equestrian","Vanilla","Pistachio","Strawberry"
"818","pixyish_pupfish","Chocolate","Strawberry","Rocky Road"
"819","leftist_waxwing","Chocolate","Rocky Road","Pistachio"
"820","conscious_gerbil","Vanilla","Strawberry","Mocha"
"821","selenium_addax","Vanilla","Pistachio","Fudge"
"822","cosmographical_teledu","Chocolate","Strawberry","Rocky Road"
"823","contortioned_python","Vanilla","Strawberry","Fudge"
"824","hessian_velvetcrab","Vanilla","Pistachio","Fudge"
"825","ultratropical_hart","Chocolate","Pistachio","Fudge"
"826","hexahedral_hen","Vanilla","Strawberry","Rocky Road"
"827","nonagrarian_hochstettersfrog","Chocolate","Fudge","Rocky Road"
"828","revered_ibisbill","Vanilla","Pistachio","Rocky Road"
"829","thinnish_tayra","Chocolate","Strawberry","Rocky Road"
"830","tenuous_tuna","Vanilla","Pistachio","Mocha"
"831","antimonarchy_kingfisher","Vanilla","Rocky Road","Pistachio"
"832","remittable_mara","Chocolate","Strawberry","Mocha"
"833","cottony_dorking","Chocolate","Pistachio","Strawberry"
"834","ammonitoid_bichonfrise","Chocolate","Mocha","Fudge"
"835","squirrellike_bergerpicard","Vanilla","Fudge","Strawberry"
"836","ondontophobic_spoonbill","Vanilla","Pistachio","Mocha"
"837","mega_atlanticsharpnosepuffer","Chocolate","Strawberry","Pistachio"
"838","wedded_africanharrierhawk","Vanilla","Strawberry","Pistachio"
"839","holohedral_kissingbug","Vanilla","Fudge","Mocha"
"840","indigenous_dobermanpinscher","Chocolate","Pistachio","Mocha"
"841","botchy_nettlefish","Vanilla","Fudge","Pistachio"
"842","revolutionary_lobster","Vanilla","Pistachio","Rocky Road"
"843","proabolition_garpike","Chocolate","Fudge","Pistachio"
"844","departmental_arabianoryx","Vanilla","Fudge","Pistachio"
"845","adorable_icelandichorse","Vanilla","Rocky Road","Strawberry"
"846","enraged_harpyeagle","Vanilla","Strawberry","Pistachio"
"847","deferable_oryx","Chocolate","Pistachio","Strawberry"
"848","operose_turnstone","Vanilla","Strawberry","Pistachio"
"849","taupe_monkfish","Chocolate","Pistachio","Mocha"
"850","nonprophetical_honeybee","Vanilla","Fudge","Rocky Road"
"851","armourclad_puppy","Chocolate","Strawberry","Fudge"
"852","curdy_woollybearcaterpillar","Chocolate","Mocha","Fudge"
"853","iced_queenant","Vanilla","Rocky Road","Mocha"
"854","sacrilegious_halibut","Chocolate","Rocky Road","Pistachio"
"855","ratlike_barnowl","Vanilla","Pistachio","Mocha"
"856","consecutive_titi","Chocolate","Mocha","Strawberry"
"857","duskish_siberiantiger","Chocolate","Fudge","Strawberry"
"858","disinherited_mullet","Vanilla","Rocky Road","Fudge"
"859","judgmental_xuanhanosaurus","Vanilla","Mocha","Strawberry"
"860","intense_ibadanmalimbe","Vanilla","Mocha","Fudge"
"861","carboniferous_frenchbulldog","Chocolate","Strawberry","Pistachio"
"862","centrifugal_hapuka","Chocolate","Mocha","Fudge"
"863","deathlike_germanspaniel","Vanilla","Fudge","Pistachio"
"864","compatriotic_grayling","Vanilla","Rocky Road","Fudge"
"865","elaborate_seaslug","Chocolate","Rocky Road","Strawberry"
"866","floaty_quail","Chocolate","Rocky Road","Fudge"
"867","gymnastic_southernhairnosedwombat","Chocolate","Rocky Road","Fudge"
"868","tragic_hypsilophodon","Vanilla","Rocky Road","Strawberry"
"869","uninspired_sugarglider","Chocolate","Fudge","Pistachio"
"870","scarred_atlanticblackgoby","Chocolate","Fudge","Rocky Road"
"871","mousey_commongonolek","Vanilla","Rocky Road","Strawberry"
"872","hated_argusfish","Vanilla","Pistachio","Mocha"
"873","amethyst_grayreefshark","Vanilla","Rocky Road","Mocha"
"874","destructive_crossbill","Chocolate","Mocha","Pistachio"
"875","shaven_imperialeagle","Vanilla","Rocky Road","Strawberry"
"876","clumpish_halibut","Vanilla","Pistachio","Strawberry"
"877","semiintellectual_springbok","Vanilla","Mocha","Fudge"
"878","uncategorised_imperatorangel","Vanilla","Rocky Road","Fudge"
"879","windy_ankolewatusi","Chocolate","Rocky Road","Pistachio"
"880","finicky_manxcat","Vanilla","Rocky Road","Strawberry"
"881","priceless_quokka","Chocolate","Strawberry","Rocky Road"
"882","pyrocrystalline_newfoundlanddog","Chocolate","Pistachio","Strawberry"
"883","chiasmic_pullet","Chocolate","Pistachio","Rocky Road"
"884","polarized_pacificparrotlet","Chocolate","Pistachio","Rocky Road"
"885","biodegradable_queenconch","Chocolate","Pistachio","Mocha"
"886","aviophobic_iberianmole","Chocolate","Strawberry","Fudge"
"887","dapper_iridescentshark","Chocolate","Mocha","Pistachio"
"888","wearable_cockroach","Chocolate","Rocky Road","Mocha"
"889","metapsychological_northernfurseal","Vanilla","Mocha","Pistachio"
"890","epidemic_vervet","Vanilla","Rocky Road","Pistachio"
"891","disputable_perch","Chocolate","Mocha","Fudge"
"892","strong_tigershark","Chocolate","Fudge","Rocky Road"
"893","autophobic_karakul","Chocolate","Fudge","Pistachio"
"894","anticlimactic_gonolek","Vanilla","Strawberry","Rocky Road"
"895","anecdotal_ammonite","Chocolate","Fudge","Mocha"
"896","illaffected_mudpuppy","Chocolate","Strawberry","Mocha"
"897","coyish_finwhale","Chocolate","Fudge","Mocha"
