"","id","reported_date","sex","height_text","cleaned_heigths_data"
"1","anecdotal_ammonite",2014-09-02 13:40:00,"Male","75",75
"2","belocolus_uromastyxspinipes",2014-09-02 13:46:00,"Male","70",70
"3","weary_americansaddlebred",2014-09-02 13:59:00,"Male","68",68
"4","forensic_ferret",2014-09-02 14:51:00,"Male","74",74
"5","farseeing_woodchuck",2014-09-02 15:16:00,"Male","61",61
"6","statistical_cuckoo",2014-09-02 15:16:00,"Female","65",65
"7","arid_cub",2014-09-02 15:16:00,"Female","66",66
"8","squirrellike_bergerpicard",2014-09-02 15:16:00,"Female","62",62
"9","blamable_jackrabbit",2014-09-02 15:16:00,"Female","66",66
"10","subsolar_stegosaurus",2014-09-02 15:16:00,"Male","67",67
"11","amethyst_grayreefshark",2014-09-02 15:16:00,"Male","72",72
"12","fun_yearling",2014-09-02 15:16:00,"Male","6",72
"13","captivative_waterboatman",2014-09-02 15:16:00,"Male","69",69
"14","adventurous_burro",2014-09-02 15:16:00,"Male","68",68
"15","frouzy_coyote",2014-09-02 15:16:00,"Male","69",69
"16","anhydrite_rook",2014-09-02 15:16:00,"Male","66",66
"17","doomed_wireworm",2014-09-02 15:16:00,"Male","75",75
"18","antimonarchy_kingfisher",2014-09-02 15:16:00,"Female","64",64
"19","chivalrous_schipperke",2014-09-02 15:16:00,"Female","60",60
"20","illaffected_mudpuppy",2014-09-02 15:16:00,"Male","67",67
"21","unodoriferous_arrowana",2014-09-02 15:16:00,"Male","66",66
"22","pugnacious_kestrel",2014-09-02 15:16:00,"Male","5' 4",64
"23","godless_avocet",2014-09-02 15:16:00,"Male","70",70
"24","sassy_nematode",2014-09-02 15:16:00,"Male","73",73
"25","skeletonlike_tegus",2014-09-02 15:16:00,"Male","72",72
"26","baby_nettlefish",2014-09-02 15:16:00,"Male","69",69
"27","leftist_waxwing",2014-09-02 15:16:00,"Male","69",69
"28","expensive_horseshoecrab",2014-09-02 15:16:00,"Male","72",72
"29","frouzy_watussi",2014-09-02 15:16:00,"Female","64",64
"30","chromatnic_cock",2014-09-02 15:16:00,"Male","72",72
"31","priceless_huia",2014-09-02 15:16:00,"Male","75",75
"32","everyday_gemsbuck",2014-09-02 15:16:00,"Male","71",71
"33","stricken_amoeba",2014-09-02 15:16:00,"Female","67",67
"34","seaisland_solenodon",2014-09-02 15:16:00,"Female","66",66
"35","uncategorised_imperatorangel",2014-09-02 15:16:00,"Female","67",67
"36","lamproite_mantid",2014-09-02 15:16:00,"Male","69",69
"37","underage_ballpython",2014-09-02 15:16:00,"Male","68",68
"38","bland_fossa",2014-09-02 15:16:00,"Female","66.75",66.75
"39","unexperimental_tadpole",2014-09-02 15:16:00,"Male","72",72
"40","amphibious_neonredguppy",2014-09-02 15:16:00,"Female","5.3",63.6
"41","ready_drever",2014-09-02 15:16:00,"Male","69",69
"42","vegan_midge",2014-09-02 15:16:00,"Male","68",68
"43","carnelian_gartersnake",2014-09-02 15:16:00,"Female","63",63
"44","delicate_fishingcat",2014-09-02 15:16:00,"Male","60",60
"45","stainable_sulphurbutterfly",2014-09-02 15:16:00,"Male","73",73
"46","enraged_harpyeagle",2014-09-02 15:16:00,"Male","74",74
"47","spiritless_nematode",2014-09-02 15:16:00,"Male","74",74
"48","androphagous_erne",2014-09-02 15:16:00,"Male","66",66
"49","gracious_gordonsetter",2014-09-02 15:16:00,"Male","68",68
"50","southernmost_copepod",2014-09-02 15:16:00,"Male","73",73
"51","oriental_buckeyebutterfly",2014-09-02 15:16:00,"Male","70",70
"52","convulsant_rhino",2014-09-02 15:16:00,"Male","68",68
"53","peachy_myna",2014-09-02 15:16:00,"Male","73",73
"54","pediophobic_baldeagle",2014-09-02 15:16:00,"Male","70.5",70.5
"55","unworthy_atlanticspadefish",2014-09-02 15:16:00,"Female","165cm",64.960665
"56","antimilitary_stag",2014-09-02 15:16:00,"Male","71",71
"57","coseys_blacklemur",2014-09-02 15:16:00,"Male","70",70
"58","transparent_harvestmen",2014-09-02 15:16:00,"Male","67",67
"59","ammoniacal_firecrest",2014-09-02 15:16:00,"Male","69",69
"60","sicklied_iberianchiffchaff",2014-09-02 15:16:00,"Male","67",67
"61","arboricultural_bluewhale",2014-09-02 15:16:00,"Male","69",69
"62","sweet_fly",2014-09-02 15:16:00,"Male","73",73
"63","planispherical_wasp",2014-09-02 15:16:00,"Male","74",74
"64","worried_blackfish",2014-09-02 15:16:00,"Male","70",70
"65","anticlimactic_gonolek",2014-09-02 15:16:00,"Male","66",66
"66","increased_eyra",2014-09-02 15:16:00,"Male","511",511
"67","exploding_raccoon",2014-09-02 15:16:00,"Male","72",72
"68","snowy_dogfish",2014-09-02 15:16:00,"Female","65",65
"69","fameless_sable",2014-09-02 15:16:00,"Male","65",65
"70","gorgeable_ringtailedlemur",2014-09-02 15:16:00,"Male","70",70
"71","glass_inexpectatumpleco",2014-09-02 15:16:00,"Male","73",73
"72","flowered_budgie",2014-09-02 15:16:00,"Male","67",67
"73","dorsispinal_icelandichorse",2014-09-02 15:16:00,"Male","72",72
"74","retired_betafish",2014-09-02 15:16:00,"Male","68",68
"75","aerodynamic_whale",2014-09-02 15:16:00,"Male","68",68
"76","ferreous_cock",2014-09-02 15:16:00,"Female","65",65
"77","soppy_owlbutterfly",2014-09-02 15:16:00,"Male","72",72
"78","centrifugal_hapuka",2014-09-02 15:16:00,"Male","71",71
"79","pedagogical_harpseal",2014-09-02 15:16:00,"Female","65",65
"80","miry_tapaculo",2014-09-02 15:16:00,"Female","72",72
"81","holohedral_kissingbug",2014-09-02 15:16:00,"Male","69",69
"82","highexplosive_paperwasp",2014-09-02 15:16:00,"Male","70",70
"83","previgilant_marabou",2014-09-02 15:16:00,"Male","72",72
"84","bloated_hamadryas",2014-09-02 15:16:00,"Male","6",72
"85","gastric_bettong",2014-09-02 15:16:00,"Female","62",62
"86","dainty_unau",2014-09-02 15:16:00,"Female","65",65
"87","misogynic_gelding",2014-09-02 15:16:00,"Male","70",70
"88","papery_argali",2014-09-02 15:16:00,"Male","60",60
"89","ranidaphobic_bellsnake",2014-09-02 15:16:00,"Male","67",67
"90","curmudgeonly_asiandamselfly",2014-09-02 15:16:00,"Female","62",62
"91","pixyish_pupfish",2014-09-02 15:16:00,"Male","71",71
"92","uninspired_sugarglider",2014-09-02 15:16:00,"Female","63",63
"93","paleobiological_ichthyosaurs",2014-09-02 15:16:00,"Male","68",68
"94","purplish_goshawk",2014-09-02 15:16:00,"Female","64.1732",64.1732
"95","chiasmic_pullet",2014-09-02 15:16:00,"Female","64",64
"96","corrupted_indusriverdolphin",2014-09-02 15:16:00,"Male","71",71
"97","nonritualistic_sheep",2014-09-02 15:16:00,"Male","68.5",68.5
"98","subpentagonal_nabarlek",2014-09-02 15:16:00,"Female","62",62
"99","shapable_xenops",2014-09-02 15:16:00,"Female","2",2
"100","delegable_aplomadofalcon",2014-09-02 15:16:00,"Male","70",70
"101","naggy_annashummingbird",2014-09-02 15:16:00,"Male","72",72
"102","ignorant_xenops",2014-09-02 15:16:00,"Female","71",71
"103","dandriffy_cleanerwrasse",2014-09-02 15:16:00,"Male","71",71
"104","smileless_diamondbackrattlesnake",2014-09-02 15:16:00,"Female","69.6",69.6
"105","disingenuous_snowmonkey",2014-09-02 15:16:00,"Female","65",65
"106","viceregal_schipperke",2014-09-02 15:16:00,"Male","70",70
"107","paleopsychological_wreckfish",2014-09-02 15:16:00,"Female","61",61
"108","empiristic_yellowlegs",2014-09-02 15:16:00,"Female","63",63
"109","mazelike_nighthawk",2014-09-02 15:16:00,"Male","70",70
"110","lyrical_catfish",2014-09-02 15:16:00,"Male","5'7",67
"111","deserticolous_heron",2014-09-02 15:16:00,"Female","62",62
"112","nonsecular_sturgeon",2014-09-02 15:16:00,"Male","68",68
"113","proscholastic_nabarlek",2014-09-02 15:16:00,"Male","73",73
"114","unlightened_nematode",2014-09-02 15:16:00,"Female","66.5",66.5
"115","spherular_dalmatian",2014-09-02 15:16:00,"Male","69",69
"116","vermicular_globefish",2014-09-02 15:16:00,"Male","74",74
"117","regrettable_norwayrat",2014-09-02 15:16:00,"Male","71.5",71.5
"118","deprecatory_cornsnake",2014-09-02 15:16:00,"Male","76",76
"119","overparticular_polyp",2014-09-02 15:16:00,"Male","69",69
"120","aviaphobic_swift",2014-09-02 15:16:00,"Male","74",74
"121","emulsible_atlasmoth",2014-09-02 15:16:00,"Male","74.5",74.5
"122","nonzoologic_ambushbug",2014-09-02 15:16:00,"Male","69",69
"123","unsanitized_barracuda",2014-09-02 15:16:00,"Female","66",66
"124","heartstricken_wolfspider",2014-09-02 15:16:00,"Female","64",64
"125","unmelodramatic_eyra",2014-09-02 15:16:00,"Male","78",78
"126","controversial_xrayfish",2014-09-02 15:16:00,"Male",">9000",NA
"127","tacky_salmon",2014-09-02 15:16:00,"Male","5'7",67
"128","pancreatic_nijssenissdwarfchihlid",2014-09-02 15:16:00,"Female","69",69
"129","ostentatious_iberianlynx",2014-09-02 15:16:00,"Female","67",67
"130","thorough_australianfreshwatercrocodile",2014-09-02 15:16:00,"Female","63",63
"131","reclining_imago",2014-09-02 15:16:00,"Male","74",74
"132","botchy_nettlefish",2014-09-02 15:16:00,"Female","62",62
"133","conscious_gerbil",2014-09-02 15:16:00,"Female","69",69
"134","artless_mamba",2014-09-02 15:16:00,"Female","64",64
"135","crystalloidal_germanshepherd",2014-09-02 15:17:00,"Male","71",71
"136","unsightly_velvetworm",2014-09-02 15:17:00,"Female","62.5",62.5
"137","compatriotic_grayling",2014-09-02 15:17:00,"Male","68",68
"138","nonsolar_americankestrel",2014-09-02 15:17:00,"Female","67",67
"139","condensable_americanbittern",2014-09-02 15:17:00,"Male","71",71
"140","continual_adeliepenguin",2014-09-02 15:17:00,"Male","74",74
"141","erasable_mongoose",2014-09-02 15:17:00,"Male","75",75
"142","civilized_rainbowlorikeet",2014-09-02 15:17:00,"Female","65",65
"143","involved_beardeddragon",2014-09-02 15:17:00,"Male","68",68
"144","patricidal_andeancockoftherock",2014-09-02 15:17:00,"Female","65",65
"145","saddened_opossum",2014-09-02 15:17:00,"Female","66",66
"146","uninteresting_baboon",2014-09-02 15:17:00,"Male","72",72
"147","paraffin_walleye",2014-09-02 15:17:00,"Male","73",73
"148","pugnacious_lowchen",2014-09-02 15:17:00,"Male","71",71
"149","epidemic_vervet",2014-09-02 15:17:00,"Male","74",74
"150","fabric_bluebottle",2014-09-02 15:17:00,"Female","5'3",63
"151","nondeadly_dikkops",2014-09-02 15:17:00,"Male","73",73
"152","chosen_pittabird",2014-09-02 15:17:00,"Male","68",68
"153","nondemocratic_quinquespinosus",2014-09-02 15:17:00,"Female","77",77
"154","bacciform_antelope",2014-09-02 15:17:00,"Male","70.5",70.5
"155","gratuitous_pitbull",2014-09-02 15:17:00,"Female","63",63
"156","dodecasyllabic_grouse",2014-09-02 15:17:00,"Male","69",69
"157","paradoxal_kudu",2014-09-02 15:17:00,"Male","69",69
"158","inextinguishable_vampirebat",2014-09-02 15:17:00,"Male","68.89",68.89
"159","preartistic_yosemitetoad",2014-09-02 15:17:00,"Male","66.5",66.5
"160","unconstitutional_elephantbeetle",2014-09-02 15:17:00,"Female","64.173",64.173
"161","unthanking_woodstorks",2014-09-02 15:17:00,"Female","63",63
"162","necrophagous_gibbon",2014-09-02 15:17:00,"Female","65",65
"163","gynophobic_alaskanhusky",2014-09-02 15:17:00,"Female","64",64
"164","weary_roadrunner",2014-09-02 15:17:00,"Female","63",63
"165","sportful_teal",2014-09-02 15:17:00,"Female","63",63
"166","tautological_quokka",2014-09-02 15:17:00,"Female","69",69
"167","blissful_australianshelduck",2014-09-02 15:17:00,"Male","69",69
"168","unarmed_hagfish",2014-09-02 15:17:00,"Female","64",64
"169","livid_firefly",2014-09-02 15:17:00,"Female","62",62
"170","metallographical_katydid",2014-09-02 15:17:00,"Male","70",70
"171","halfwhite_noctilio",2014-09-02 15:17:00,"Male","70",70
"172","palish_hogget",2014-09-02 15:17:00,"Female","59",59
"173","leady_shibainu",2014-09-02 15:17:00,"Female","65",65
"174","reserved_archerfish",2014-09-02 15:17:00,"Male","67.7",67.7
"175","soured_quagga",2014-09-02 15:17:00,"Male","72",72
"176","tenuous_tuna",2014-09-02 15:17:00,"Male","74",74
"177","palaeophilic_umbrette",2014-09-02 15:17:00,"Male","71.7",71.7
"178","polymorphonuclear_alleycat",2014-09-02 15:17:00,"Male","70.87",70.87
"179","extroverted_bandicoot",2014-09-02 15:17:00,"Female","66",66
"180","iced_queenant",2014-09-02 15:17:00,"Male","72",72
"181","zircon_millipede",2014-09-02 15:17:00,"Male","74",74
"182","cretaceous_camel",2014-09-02 15:17:00,"Male","69",69
"183","polynuclear_bufeo",2014-09-02 15:17:00,"Male","71",71
"184","grouchy_blackmamba",2014-09-02 15:17:00,"Female","70",70
"185","astronomical_atlanticspadefish",2014-09-02 15:17:00,"Male","70",70
"186","pleased_gangesdolphin",2014-09-02 15:17:00,"Male","64",64
"187","snowcapped_hamadryad",2014-09-02 15:18:00,"Male","5 feet and 8.11 inches",68
"188","plaid_thrasher",2014-09-02 15:18:00,"Female","68",68
"189","cerise_javalina",2014-09-02 15:18:00,"Female","66",66
"190","derivative_europeanfiresalamander",2014-09-02 15:18:00,"Female","64",64
"191","little_nandoo",2014-09-02 15:18:00,"Male","67",67
"192","hyperintelligent_bufflehead",2014-09-02 15:18:00,"Female","65",65
"193","short_heterodontosaurus",2014-09-02 15:18:00,"Male","72",72
"194","entire_monoclonius",2014-09-02 15:18:00,"Female","5.25",63
"195","nonglacial_africanclawedfrog",2014-09-02 15:18:00,"Male","70",70
"196","florid_walkingstick",2014-09-02 15:18:00,"Female","64.57",64.57
"197","wornout_pittabird",2014-09-02 15:18:00,"Female","51",51
"198","curved_goral",2014-09-02 15:18:00,"Female","63",63
"199","pintsize_octopus",2014-09-02 15:19:00,"Female","70",70
"200","revengeful_degus",2014-09-02 15:19:00,"Male","68",68
"201","supernaturalistic_albatross",2014-09-02 15:19:00,"Female","67",67
"202","nonacademical_coyote",2014-09-02 15:19:00,"Male","5'11",71
"203","sublimational_megalosaurus",2014-09-02 15:20:00,"Male","69",69
"204","solidifiable_douglasfirbarkbeetle",2014-09-02 15:33:00,"Female","63",63
"205","enharmonic_indianabat",2014-09-02 15:35:00,"Male","71",71
"206","snugging_nag",2014-09-02 15:40:00,"Male","70",70
"207","unkindhearted_scarab",2014-09-02 16:01:00,"Female","64",64
"208","strong_tigershark",2014-09-02 16:06:00,"Male","70",70
"209","droll_basilisk",2014-09-02 16:45:00,"Male","68",68
"210","confined_americansaddlebred",2014-09-02 17:01:00,"Male","66",66
"211","metempsychosic_phalarope",2014-09-02 17:32:00,"Female","69",69
"212","disconsolate_banteng",2014-09-02 23:23:00,"Male","67",67
"213","nonmystic_chihuahua",2014-09-03 00:10:00,"Female","65",65
"214","deathlike_germanspaniel",2014-09-03 00:53:00,"Male","72",72
"215","decidophobic_rhea",2014-09-03 03:15:00,"Male","72",72
"216","middleclass_banteng",2014-09-03 06:40:00,"Male","70",70
"217","unrefrigerated_asiaticmouflon",2014-09-03 08:43:00,"Male","75",75
"218","abiotic_rhinocerosbeetle",2014-09-03 08:52:00,"Female","64",64
"219","refillable_hermitcrab",2014-09-03 09:44:00,"Female","66",66
"220","ultrafaultless_stag",2014-09-03 12:17:00,"Male","68",68
"221","silvery_harrier",2014-09-03 16:31:00,"Female","69",69
"222","paediatric_galago",2014-09-03 17:02:00,"Male","73",73
"223","earthbound_dikkops",2014-09-03 17:53:00,"Male","66",66
"224","homey_chital",2014-09-03 18:48:00,"Male","71",71
"225","wrinkled_jabiru",2014-09-03 19:08:00,"Male","67",67
"226","alabaster_icefish",2014-09-03 19:43:00,"Male","70",70
"227","soaplike_americanbobtail",2014-09-03 19:59:00,"Male","67",67
"228","paragonita_ungulate",2014-09-03 20:06:00,"Female","61",61
"229","effigial_pronghorn",2014-09-03 20:31:00,"Female","64",64
"230","anthropoid_raccoon",2014-09-03 21:34:00,"Female","64",64
"231","bioecological_arabianhorse",2014-09-03 21:43:00,"Male","5.5",66
"232","hard_americanbobtail",2014-09-03 21:43:00,"Male","72",72
"233","crushable_milkweedbug",2014-09-03 23:47:00,"Male","70",70
"234","werewolflike_bushsqueaker",2014-09-03 23:47:00,"Male","65",65
"235","agate_deinonychus",2014-09-03 23:55:00,"Male","11111",11111
"236","tattooed_fieldspaniel",2014-09-04 00:46:00,"Male","5'9''",69
"237","heretical_hyena",2014-09-04 01:51:00,"Male","68",68
"238","consummate_albacoretuna",2014-09-04 02:10:00,"Male","67",67
"239","humoristic_jellyfish",2014-09-04 03:43:00,"Male","59",59
"240","quartz_wrasse",2014-09-04 03:43:00,"Male","59",59
"241","succinct_noolbenger",2014-09-04 05:15:00,"Female","6",72
"242","undefeatable_blacknorwegianelkhound",2014-09-04 06:31:00,"Male","6.5",78
"243","catastrophal_kodiakbear",2014-09-04 07:05:00,"Male","72",72
"244","deferable_oryx",2014-09-04 09:24:00,"Female","150",150
"245","semipolitical_tapaculo",2014-09-04 10:29:00,"Male","5'10''",70
"246","mega_atlanticsharpnosepuffer",2014-09-04 10:32:00,"Male","69",69
"247","unwealthy_americanwirehair",2014-09-04 11:02:00,"Male","72",72
"248","monumental_englishpointer",2014-09-04 11:03:00,"Male","69",69
"249","tardy_hairstreakbutterfly",2014-09-04 11:56:00,"Male","68.11",68.11
"250","underage_hawaiianmonkseal",2014-09-04 12:32:00,"Male","68.11",68.11
"251","emptyheaded_drever",2014-09-04 13:22:00,"Male","68",68
"252","hated_argusfish",2014-09-04 14:23:00,"Male","103.2",103.2
"253","trisyllabic_tick",2014-09-04 17:28:00,"Male","65",65
"254","contortioned_python",2014-09-05 07:54:00,"Female","67",67
"255","derivational_galapagosmockingbird",2014-09-05 09:53:00,"Male","67",67
"256","abusive_verdin",2014-09-06 04:18:00,"Male","68",68
"257","snoopy_africanaugurbuzzard",2014-09-06 12:29:00,"Male","69",69
"258","ruddy_iguanodon",2014-09-06 13:52:00,"Male","80",80
"259","extranuclear_kinglet",2014-09-06 17:01:00,"Male","5.8",69.6
"260","statuelike_solenodon",2014-09-06 21:26:00,"Male","68",68
"261","dreamlike_fulmar",2014-09-06 21:32:00,"Male","19",19
"262","printed_kingsnake",2014-09-06 22:38:00,"Female","5",60
"263","ill_uintagroundsquirrel",2014-09-06 23:15:00,"Male","70",70
"264","pedagogical_irrawaddydolphin",2014-09-07 01:16:00,"Female","60",60
"265","delectable_badger",2014-09-07 01:16:00,"Female","60",60
"266","crystal_vipersquid",2014-09-07 11:09:00,"Female","64.96",64.96
"267","grave_dogwoodtwigborer",2014-09-07 14:35:00,"Female","5.6",67.2
"268","scribophobic_bumblebee",2014-09-07 16:33:00,"Male","175",175
"269","satirical_mosasaur",2014-09-07 18:18:00,"Male","177",177
"270","condensational_rook",2014-09-07 20:53:00,"Male","300",300
"271","shadowed_teal",2014-09-08 17:22:00,"Female","68",68
"272","cainophobic_seahog",2014-09-08 18:52:00,"Male","70",70
"273","sooty_basenji",2014-09-08 19:42:00,"Male","66",66
"274","spectacular_atlasmoth",2014-09-08 19:42:00,"Male","66",66
"275","molybdenite_leech",2014-09-09 20:00:00,"Male","5,3",63
"276","ratlike_angwantibo",2014-09-10 12:13:00,"Male","72",72
"277","refractional_hartebeest",2014-09-10 12:57:00,"Male","68",68
"278","flavoury_brant",2014-09-11 01:02:00,"Male","72",72
"279","caffeinated_arieltoucan",2014-09-11 08:56:00,"Male","72.05",72.05
"280","effusive_redpoll",2014-09-12 00:22:00,"Male","71",71
"281","supportive_wreckfish",2014-09-12 05:13:00,"Male","72.5",72.5
"282","diplocardiac_bobwhite",2014-09-12 22:26:00,"Male","70",70
"283","nonsolicitous_asiaticlesserfreshwaterclam",2014-09-13 12:32:00,"Male","72",72
"284","probable_kronosaurus",2014-09-14 17:36:00,"Male","6",72
"285","destructive_crossbill",2014-09-14 22:56:00,"Male","68",68
"286","available_annelida",2014-09-15 02:53:00,"Male","70",70
"287","credible_taruca",2014-09-15 07:56:00,"Male","5.9",70.8
"288","inappropriate_attwatersprairiechicken",2014-09-15 14:38:00,"Male","6,8",80
"289","angstridden_wrasse",2014-09-16 12:48:00,"Male","68",68
"290","squirarchal_greyhounddog",2014-09-16 18:47:00,"Male","66",66
"291","clippable_africanrockpython",2014-09-18 21:40:00,"Male","5' 10",70
"292","full_leveret",2014-09-19 05:04:00,"Male","5.5",66
"293","behavioral_dachshund",2014-09-19 11:01:00,"Male","178",178
"294","grisly_amurratsnake",2014-09-19 20:23:00,"Male","75",75
"295","overburdened_kiskadee",2014-09-21 02:30:00,"Male","66",66
"296","semidry_xantusmurrelet",2014-09-21 22:20:00,"Male","69",69
"297","venomous_serval",2014-09-23 03:39:00,"Female","53",53
"298","lowly_flounder",2014-09-23 16:33:00,"Male","71",71
"299","touristy_killifish",2014-09-23 17:33:00,"Male","70",70
"300","drifty_mongrel",2014-09-24 05:06:00,"Male","72",72
"301","alien_corydorascatfish",2014-09-24 11:20:00,"Male","68.5",68.5
"302","matricidal_manatee",2014-09-24 18:28:00,"Female","68",68
"303","seclusive_guanaco",2014-09-26 05:34:00,"Female","163",163
"304","antiviral_cow",2014-09-26 05:56:00,"Female","68",68
"305","metamorphous_nag",2014-09-27 16:05:00,"Male","59.0551",59.0551
"306","contemplative_skunk",2014-09-27 23:39:00,"Male","66.92",66.92
"307","handdrawn_drake",2014-09-29 05:08:00,"Male","72",72
"308","swinish_auklet",2014-09-30 04:56:00,"Male","72",72
"309","haptephobic_gull",2014-09-30 21:44:00,"Male","6.2",74.4
"310","persnickety_seahog",2014-10-05 03:41:00,"Male","175",175
"311","bashful_tilefish",2014-10-08 19:19:00,"Female","68",68
"312","intrapsychic_pig",2014-10-09 16:18:00,"Male","70",70
"313","ammonitoid_bichonfrise",2014-10-10 02:37:00,"Male","69",69
"314","personal_fairyfly",2014-10-10 15:19:00,"Female","61",61
"315","fluffy_chicken",2014-10-10 16:04:00,"Male","6.2",74.4
"316","archeological_asiantrumpetfish",2014-10-10 16:09:00,"Male","65",65
"317","overjoyed_phoenix",2014-10-10 19:51:00,"Male","72",72
"318","semitheatrical_koi",2014-10-10 20:06:00,"Female","66",66
"319","teensy_xenopus",2014-10-10 20:49:00,"Male","5.8",69.6
"320","banal_yellowbellylizard",2014-10-11 05:50:00,"Male","5.1",61.2
"321","microbic_argusfish",2014-10-12 01:25:00,"Male","70",70
"322","taxidermal_atlanticridleyturtle",2014-10-12 18:00:00,"Female","65",65
"323","superfluous_spittlebug",2014-10-12 21:34:00,"Male","68",68
"324","duteous_irishdraughthorse",2014-10-13 03:09:00,"Male","178",178
"325","sharpset_jumpingbean",2014-10-13 18:50:00,"Male","70",70
"326","adorable_icelandichorse",2014-10-14 05:18:00,"Male","71",71
"327","prodemocrat_hog",2014-10-15 10:05:00,"Male","74",74
"328","nutlike_finch",2014-10-15 16:46:00,"Female","165",165
"329","intragovernmental_dikdik",2014-10-16 03:51:00,"Male","71",71
"330","flaming_quagga",2014-10-16 08:47:00,"Male","74",74
"331","feral_hermitcrab",2014-10-16 12:17:00,"Male","64",64
"332","disliked_amethystgemclam",2014-10-16 18:04:00,"Male","5.11",61.32
"333","chorographical_creature",2014-10-18 16:38:00,"Female","66",66
"334","highbred_urchin",2014-10-19 13:08:00,"Male","5'5",65
"335","carping_civet",2014-10-21 18:26:00,"Female","165",165
"336","congregational_joey",2014-10-22 11:11:00,"Male","74",74
"337","ignored_marten",2014-10-23 05:45:00,"Male","75",75
"338","nonproift_xenops",2014-10-23 12:15:00,"Male","180",180
"339","hexed_mule",2014-10-24 06:33:00,"Male","68",68
"340","venal_archaeocete",2014-10-24 10:59:00,"Female","5'2",62
"341","nonmagnetic_loon",2014-10-26 10:23:00,"Male","74.8",74.8
"342","unthinkable_rat",2014-10-27 06:09:00,"Male","69",69
"343","inconclusive_drafthorse",2014-10-27 06:17:00,"Male","68.4",68.4
"344","extravertive_iberianbarbel",2014-10-27 13:08:00,"Female","5.75",69
"345","monarchical_newtnutria",2014-10-29 04:28:00,"Male","67",67
"346","supercilious_sealion",2014-10-30 06:18:00,"Male","65",65
"347","insomniac_duckbillcat",2014-10-31 04:08:00,"Male","68",68
"348","delighted_finch",2014-11-02 01:24:00,"Female","67",67
"349","uncalorific_sugarglider",2014-11-03 04:59:00,"Male","69.3",69.3
"350","chronometrical_bluebreastedkookaburra",2014-11-03 12:57:00,"Male","169",169
"351","misogynic_scarletibis",2014-11-04 10:14:00,"Male","67",67
"352","genuine_ptarmigan",2014-11-04 10:15:00,"Male","67",67
"353","wieldy_icelandgull",2014-11-07 16:48:00,"Male","73",73
"354","miserly_loggerheadturtle",2014-11-07 18:01:00,"Male","75",75
"355","dotted_alaskanmalamute",2014-11-08 11:30:00,"Male","70",70
"356","strontium_bluebottlejellyfish",2014-11-08 14:58:00,"Male","71",71
"357","balneological_muskox",2014-11-09 15:43:00,"Female","5,4",64
"358","windy_ankolewatusi",2014-11-11 17:26:00,"Male","72",72
"359","automatic_quahog",2014-11-14 18:36:00,"Male","70",70
"360","convective_blowfish",2014-11-17 23:20:00,"Male","72",72
"361","bleakish_babirusa",2014-11-19 01:38:00,"Male","71.5",71.5
"362","rockable_azurevasesponge",2014-11-19 09:48:00,"Male","72",72
"363","superluxurious_noolbenger",2014-11-20 09:17:00,"Male","7",84
"364","washedup_bubblefish",2014-11-21 11:35:00,"Male","68.8976",68.8976
"365","pseudopsychological_goldenmantledgroundsquirrel",2014-11-21 13:44:00,"Male","68",68
"366","sensitive_dinosaur",2014-11-21 22:41:00,"Male","5.4",64.8
"367","pubescent_parakeet",2014-11-24 08:10:00,"Male","69",69
"368","countrified_rhinoceros",2014-11-24 09:16:00,"Male","70",70
"369","adversarial_fluke",2014-11-24 13:45:00,"Female","75",75
"370","aviaphobic_caudata",2014-11-24 15:26:00,"Male","67",67
"371","expeditionary_indochinahogdeer",2014-11-24 19:01:00,"Male","157",157
"372","autophobic_karakul",2014-11-24 20:18:00,"Male","6.1",73.2
"373","cuddly_gorilla",2014-11-25 22:29:00,"Male","169",169
"374","trainsick_trout",2014-11-27 12:45:00,"Female","5'3",63
"375","dippy_cirriped",2014-11-28 00:24:00,"Male","5.6",67.2
"376","beamish_vulpesvulpes",2014-11-28 12:18:00,"Male","214",214
"377","runty_flee",2014-11-30 01:44:00,"Male","183",183
"378","clay_springtail",2014-12-02 15:15:00,"Male","67.72",67.72
"379","interartistic_brahmancow",2014-12-02 18:22:00,"Female","65",65
"380","preliterary_littlenightmonkeys",2014-12-03 20:25:00,"Male","69",69
"381","historiographic_inchworm",2014-12-04 08:02:00,"Male","71",71
"382","vapid_betafish",2014-12-04 10:12:00,"Male","5.6",67.2
"383","tragic_hypsilophodon",2014-12-05 11:12:00,"Male","72",72
"384","taming_americancurl",2014-12-05 16:03:00,"Male","72.4",72.4
"385","tightknit_scarab",2014-12-05 16:55:00,"Male","69",69
"386","undercoloured_azurevase",2014-12-06 11:57:00,"Male","6",72
"387","dragonlike_cuscus",2014-12-06 16:42:00,"Male","79.05",79.05
"388","baryte_molly",2014-12-06 21:56:00,"Male","162",162
"389","uncheerful_gelding",2014-12-08 11:24:00,"Male","178",178
"390","acceptable_marlin",2014-12-08 15:55:00,"Male","180",180
"391","reputable_lunamoth",2014-12-10 00:29:00,"Male","66.4",66.4
"392","bloodsucking_myna",2014-12-11 13:29:00,"Male","72",72
"393","unafraid_antarcticgiantpetrel",2014-12-11 14:17:00,"Male","5'10''",70
"394","homicidal_macaque",2014-12-12 19:52:00,"Male","66",66
"395","freezable_sanddollar",2014-12-14 09:18:00,"Male","69.29",69.29
"396","couped_frillneckedlizard",2014-12-15 02:17:00,"Male","170",170
"397","prophesiable_xuanhuaceratops",2014-12-15 14:05:00,"Female","5'3''",63
"398","honeysweet_avocet",2014-12-16 04:20:00,"Female","66.1416",66.1416
"399","starry_indianglassfish",2014-12-16 14:43:00,"Male","78",78
"400","heartwhole_nautilus",2014-12-17 06:53:00,"Male","75",75
"401","definable_quinquespinosus",2014-12-17 21:27:00,"Male","178",178
"402","proabolition_garpike",2014-12-18 04:59:00,"Male","70",70
"403","southeastward_harvestmouse",2014-12-22 11:50:00,"Male","66",66
"404","senior_xanthareel",2014-12-22 12:35:00,"Female","65",65
"405","half_nightingale",2014-12-22 13:24:00,"Male","71",71
"406","subterranean_arrowcrab",2014-12-23 10:14:00,"Male","0.7",0.7
"407","ittybitty_mousebird",2014-12-23 13:56:00,"Male","68.5",68.5
"408","assiduous_bobcat",2014-12-25 01:26:00,"Male","65",65
"409","horrendous_martin",2014-12-25 09:50:00,"Male","69",69
"410","nonevolutionary_willet",2014-12-26 10:00:00,"Male","190",190
"411","loveable_mare",2014-12-26 12:01:00,"Male","70",70
"412","vanillic_janenschia",2014-12-28 03:30:00,"Male","66",66
"413","selfteaching_magpie",2014-12-29 17:07:00,"Male","66",66
"414","antigravitational_mongoose",2014-12-30 10:16:00,"Female","63",63
"415","unirritable_junebug",2014-12-31 03:10:00,"Male","71",71
"416","kosher_burro",2015-01-02 10:53:00,"Male","5.4",64.8
"417","smoothtongued_neonrainbowfish",2015-01-02 20:49:00,"Male","70",70
"418","hallucinative_oxen",2015-01-03 01:37:00,"Male","72",72
"419","dutybound_mamba",2015-01-03 08:44:00,"Male","184",184
"420","pixilated_seabird",2015-01-03 16:02:00,"Male","5'7''",67
"421","chuckleheaded_stilt",2015-01-03 19:40:00,"Male","68.5",68.5
"422","nontheatrical_basenji",2015-01-04 14:53:00,"Female","68",68
"423","unmythical_honeyeater",2015-01-04 15:40:00,"Male","5.9",70.8
"424","acidforming_shihtzu",2015-01-04 16:07:00,"Male","70",70
"425","becoming_atlanticsharpnosepuffer",2015-01-06 11:11:00,"Male","68.5",68.5
"426","fluidic_herculesbeetle",2015-01-06 22:58:00,"Male","5'12",72
"427","equatorial_brahmanbull",2015-01-07 08:57:00,"Male","53.77",53.77
"428","taupe_monkfish",2015-01-08 15:05:00,"Male","66.92",66.92
"429","bleak_gelada",2015-01-09 07:17:00,"Male","73",73
"430","nonchurchgoing_nyala",2015-01-09 15:52:00,"Male","68",68
"431","bediasite_norwayrat",2015-01-09 23:57:00,"Male","72",72
"432","zincky_sableantelope",2015-01-10 14:40:00,"Male","70",70
"433","potty_galapagospenguin",2015-01-10 19:35:00,"Male","5.6",67.2
"434","femoral_gazelle",2015-01-10 21:31:00,"Male","71.5",71.5
"435","farflung_beaver",2015-01-11 13:06:00,"Female","5.6",67.2
"436","crafty_cobra",2015-01-11 17:09:00,"Male","184",184
"437","embracive_globefish",2015-01-11 20:12:00,"Male","72",72
"438","horsy_seagull",2015-01-13 16:08:00,"Male","67",67
"439","doublejointed_americanalligator",2015-01-13 21:17:00,"Male","6",72
"440","semiparalyzed_anglerfish",2015-01-15 00:19:00,"Male","167",167
"441","gnatty_indianhare",2015-01-16 21:38:00,"Male","72",72
"442","destructive_bonobo",2015-01-19 15:50:00,"Male","74",74
"443","armoured_adamsstaghornedbeetle",2015-01-19 19:05:00,"Male","72",72
"444","enjambed_lynx",2015-01-19 19:08:00,"Male","72",72
"445","checked_wireworm",2015-01-20 23:37:00,"Male","67.7165",67.7165
"446","front_leafcutterant",2015-01-21 15:19:00,"Male","71",71
"447","yellow_buck",2015-01-24 01:00:00,"Male","65",65
"448","gorgeable_urchin",2015-01-24 21:09:00,"Female","2'33",57
"449","climatologic_amethystsunbird",2015-01-24 22:32:00,"Male","72",72
"450","thermodynamic_metalmarkbutterfly",2015-01-25 05:30:00,"Male","68",68
"451","literal_kinkajou",2015-01-25 16:13:00,"Male","5'11",71
"452","deflated_bigmouthbass",2015-01-26 05:37:00,"Male","69",69
"453","uninspiring_calf",2015-01-26 11:40:00,"Female","5'3",63
"454","castoff_dobermanpinscher",2015-01-27 05:27:00,"Male","71",71
"455","wellpoliced_dormouse",2015-01-28 03:59:00,"Male","5.5",66
"456","symphonious_roebuck",2015-01-29 00:10:00,"Female","5.2",62.4
"457","alphameric_lynx",2015-01-29 01:21:00,"Male","67",67
"458","facile_seaslug",2015-01-31 02:50:00,"Male","180",180
"459","shaven_imperialeagle",2015-01-31 11:11:00,"Male","54",54
"460","especial_gull",2015-02-01 00:15:00,"Male","5.5",66
"461","greyish_xuanhuasaurus",2015-02-01 00:16:00,"Male","5.5",66
"462","interlibrary_crocodile",2015-02-01 17:38:00,"Male","6.5",78
"463","priestly_sheldrake",2015-02-03 04:00:00,"Male","67",67
"464","lagging_snipe",2015-02-03 09:15:00,"Male","68.1102",68.1102
"465","late_goitered",2015-02-03 16:53:00,"Male","69",69
"466","tetragonal_gar",2015-02-03 17:03:00,"Male","5,8",68
"467","befuddling_borer",2015-02-03 17:23:00,"Female","62",62
"468","brash_merlin",2015-02-04 12:29:00,"Male","72",72
"469","piperaceous_xiphosuran",2015-02-04 15:07:00,"Male","70",70
"470","endocrinopathic_curassow",2015-02-04 16:35:00,"Male","71",71
"471","suspect_amurminnow",2015-02-04 16:50:00,"Male","64.961",64.961
"472","duskish_siberiantiger",2015-02-04 17:56:00,"Female","64",64
"473","commonsensible_americancrow",2015-02-05 14:49:00,"Male","67",67
"474","brittle_hornedtoad",2015-02-05 16:53:00,"Male","180",180
"475","karmic_nyala",2015-02-06 03:27:00,"Male","66",66
"476","able_isabellineshrike",2015-02-08 06:40:00,"Male","183",183
"477","statistical_grunion",2015-02-09 13:46:00,"Male","170",170
"478","psychogenic_kakarikis",2015-02-09 14:31:00,"Male","5'6''",66
"479","deferable_weevil",2015-02-14 23:24:00,"Male","66",66
"480","robust_equestrian",2015-02-17 18:43:00,"Male","70",70
"481","rival_canary",2015-02-20 06:27:00,"Male","66",66
"482","coldblooded_kite",2015-02-20 16:44:00,"Female","64",64
"483","biodegradable_queenconch",2015-02-22 22:02:00,"Male","72",72
"484","furred_canadagoose",2015-02-24 06:32:00,"Male","70",70
"485","sibling_galapagostortoise",2015-02-25 07:11:00,"Male","172",172
"486","joking_goldfish",2015-02-25 10:58:00,"Male","75",75
"487","fierce_chanticleer",2015-02-25 11:07:00,"Male","72",72
"488","vertical_pacificparrotlet",2015-02-25 15:20:00,"Male","72",72
"489","pseudoreligious_wallaby",2015-02-27 18:05:00,"Male","612",612
"490","intercranial_uromastyxspinipes",2015-03-01 16:08:00,"Male","68.5",68.5
"491","antioptimistical_motmot",2015-03-03 13:18:00,"Female","66",66
"492","cerise_barnowl",2015-03-03 23:04:00,"Male","5.11",61.32
"493","acidulous_americancurl",2015-03-04 10:52:00,"Male","71",71
"494","fair_leafcutterant",2015-03-05 15:28:00,"Male","168",168
"495","einsteinium_ekaltadeta",2015-03-05 20:31:00,"Male","72",72
"496","resurrectionary_snowgeese",2015-03-06 19:42:00,"Female","5'4",64
"497","undenominated_galapagoshawk",2015-03-07 10:50:00,"Female","70",70
"498","nonrationalistical_bantamrooster",2015-03-09 19:46:00,"Male","67",67
"499","asyllabic_alpinegoat",2015-03-10 02:00:00,"Male","70",70
"500","hygrophilic_silkworm",2015-03-11 08:18:00,"Male","70",70
"501","dandriffy_shoveler",2015-03-12 11:27:00,"Male","72",72
"502","contumelious_kouprey",2015-03-12 14:13:00,"Male","63",63
"503","anarthric_molly",2015-03-12 14:13:00,"Male","65",65
"504","glaciologic_wryneck",2015-03-12 14:14:00,"Male","63",63
"505","charitable_kob",2015-03-14 06:33:00,"Male","1,70",82
"506","cowardly_rhesusmonkey",2015-03-15 11:20:00,"Male","70",70
"507","independent_swallow",2015-03-15 13:34:00,"Male","70.8",70.8
"508","determinative_quahog",2015-03-16 13:14:00,"Male","172",172
"509","flushed_diplodocus",2015-03-17 07:56:00,"Male","87",87
"510","unpleasing_spiketail",2015-03-18 11:30:00,"Male","68",68
"511","remorseful_armedcrab",2015-03-19 06:28:00,"Female","66",66
"512","demonstrative_beagle",2015-03-21 14:24:00,"Male","77.1654",77.1654
"513","odourless_fiddlercrab",2015-03-21 23:06:00,"Male","5.5",66
"514","nonfireproof_dikdik",2015-03-23 02:49:00,"Male","176",176
"515","spectacular_ayeaye",2015-03-24 10:29:00,"Male","5'7.5''",67
"516","lipophobic_unicorn",2015-03-24 10:30:00,"Male","5'7.5''",67
"517","sunny_oropendola",2015-03-27 13:22:00,"Male","68",68
"518","disgraceful_aquaticleech",2015-03-31 19:28:00,"Male","66",66
"519","sick_hylaeosaurus",2015-03-31 22:56:00,"Male","74",74
"520","semantic_quadrisectus",2015-04-01 15:15:00,"Male","72",72
"521","hessian_velvetcrab",2015-04-01 21:32:00,"Male","72.83",72.83
"522","elvish_nakedmolerat",2015-04-02 19:24:00,"Male","77",77
"523","nonsecular_skink",2015-04-03 07:39:00,"Male","111",111
"524","gratuitous_buckeyebutterfly",2015-04-03 18:14:00,"Male","67",67
"525","unlight_wattlebird",2015-04-03 21:47:00,"Male","70",70
"526","snowcapped_boar",2015-04-04 17:39:00,"Male","64",64
"527","thinnish_tayra",2015-04-04 20:20:00,"Male","65",65
"528","scotophobic_polecat",2015-04-05 06:49:00,"Male","73",73
"529","nonacculturated_beauceron",2015-04-05 13:18:00,"Female","5'2",62
"530","etymologic_bubblefish",2015-04-08 00:16:00,"Male","66.7",66.7
"531","skilled_dodo",2015-04-09 23:59:00,"Female","69",69
"532","selfconceited_koala",2015-04-11 09:59:00,"Male","67",67
"533","disinherited_mullet",2015-04-11 23:30:00,"Male","173",173
"534","downtrodden_collie",2015-04-14 10:46:00,"Male","69",69
"535","monarchal_plover",2015-04-15 05:45:00,"Male","174",174
"536","hardhearted_pittabird",2015-04-16 11:15:00,"Male","176",176
"537","feudalist_seabird",2015-04-16 11:16:00,"Male","175",175
"538","lead_bat",2015-04-16 23:18:00,"Male","71",71
"539","apprentice_possum",2015-04-19 03:09:00,"Male","64",64
"540","rejoiceful_mustang",2015-04-19 15:44:00,"Male","67",67
"541","pseudofaithful_arizonaalligatorlizard",2015-04-19 17:07:00,"Male","70",70
"542","terrorful_sphinx",2015-04-21 11:32:00,"Male","68",68
"543","lawlike_dragon",2015-04-21 16:40:00,"Female","5' 7.78",67
"544","temperate_goa",2015-04-25 16:05:00,"Male","68.5",68.5
"545","turtleshell_scarletibis",2015-04-25 18:46:00,"Male","68",68
"546","meagre_cero",2015-04-26 06:55:00,"Female","67.71",67.71
"547","metapsychological_urson",2015-04-27 08:34:00,"Male","66.5",66.5
"548","wellknown_germanspitz",2015-04-30 17:05:00,"Male","69",69
"549","falconine_gosling",2015-04-30 23:00:00,"Male","6.7",80.4
"550","selfconceited_swan",2015-05-01 15:16:00,"Female","64",64
"551","nonblack_coqui",2015-05-03 10:29:00,"Male","60",60
"552","carbasus_watussi",2015-05-03 10:29:00,"Male","12",12
"553","disastrous_adouri",2015-05-04 05:22:00,"Male","6",72
"554","subtriangular_jenny",2015-05-04 14:00:00,"Female","5.1",61.2
"555","married_ichthyosaurs",2015-05-04 17:16:00,"Male","74",74
"556","incognisant_bluetonguelizard",2015-05-08 13:39:00,"Female","5.6",67.2
"557","gigantic_rhino",2015-05-08 15:12:00,"Female","5.5",66
"558","crying_olm",2015-05-08 20:53:00,"Male","67",67
"559","nonpsychoanalytical_velvetworm",2015-05-09 03:34:00,"Male","68.8",68.8
"560","heedful_rattail",2015-05-09 12:58:00,"Male","69",69
"561","aichmophobic_tahr",2015-05-10 10:47:00,"Male","78",78
"562","aqueous_polliwog",2015-05-10 16:35:00,"Male","70",70
"563","detachable_japanesebeetle",2015-05-11 01:08:00,"Male","66",66
"564","minor_malamute",2015-05-11 01:08:00,"Male","66",66
"565","departmental_arabianoryx",2015-05-12 16:16:00,"Male","74",74
"566","puny_dinosaur",2015-05-12 19:22:00,"Male","71",71
"567","congregational_brontosaurus",2015-05-12 19:23:00,"Female","yyy",NA
"568","nonprophetical_honeybee",2015-05-12 23:39:00,"Male","73",73
"569","fizzy_pussycat",2015-05-14 03:32:00,"Male","67",67
"570","certificatory_mockingbird",2015-05-14 17:23:00,"Male","72",72
"571","mousey_commongonolek",2015-05-14 21:29:00,"Male","70",70
"572","gastrovascular_shrike",2015-05-15 05:34:00,"Male","70.1",70.1
"573","dapper_iridescentshark",2015-05-16 04:39:00,"Male","5.2",62.4
"574","scarred_atlanticblackgoby",2015-05-17 01:26:00,"Male","69",69
"575","fruited_bird",2015-05-18 17:59:00,"Female","5'5",65
"576","chromatinic_upupa",2015-05-18 18:27:00,"Female","5'8",68
"577","nonagrarian_hochstettersfrog",2015-05-18 18:27:00,"Male","72",72
"578","homeopathic_angwantibo",2015-05-18 18:28:00,"Male","72",72
"579","selfdissatisfied_peregrinefalcon",2015-05-18 18:31:00,"Male","72",72
"580","aviophobic_iberianmole",2015-05-18 21:35:00,"Female","63",63
"581","hydrometallurgical_bushsqueaker",2015-05-19 01:49:00,"Male","5'6",66
"582","superbeloved_caecilian",2015-05-19 04:04:00,"Male","67",67
"583","crystalline_imperatorangel",2015-05-19 16:24:00,"Male","73.2",73.2
"584","discretional_springtail",2015-05-20 16:31:00,"Female","64",64
"585","reedy_belugawhale",2015-05-20 23:50:00,"Male","74",74
"586","operose_turnstone",2015-05-23 05:31:00,"Male","73.62",73.62
"587","aware_mole",2015-05-24 16:39:00,"Male","72",72
"588","patronal_axisdeer",2015-05-25 03:16:00,"Female","68.4",68.4
"589","ethological_cur",2015-05-25 16:19:00,"Male","69",69
"590","capitalist_rainbowfish",2015-05-26 19:21:00,"Female","61",61
"591","subpyramidal_baldeagle",2015-05-27 08:03:00,"Male","5 feet 7inches",67
"592","deformable_hummingbird",2015-05-27 08:57:00,"Male","89",89
"593","intrapsychic_coati",2015-05-30 12:11:00,"Male","69",69
"594","convenable_okapi",2015-05-31 21:48:00,"Male","5.6",67.2
"595","diffractive_woodnymphbutterfly",2015-05-31 22:01:00,"Male","68",68
"596","adorable_redheadedwoodpecker",2015-06-01 11:08:00,"Male","65",65
"597","misogynous_hare",2015-06-01 12:07:00,"Male","68.9",68.9
"598","proagrarian_aidi",2015-06-01 21:26:00,"Male","67.71",67.71
"599","diamant_xiphias",2015-06-02 04:37:00,"Male","67",67
"600","watchful_goldfinch",2015-06-02 04:38:00,"Male","67",67
"601","haywire_albatross",2015-06-03 01:01:00,"Female","59",59
"602","streaky_hamster",2015-06-03 01:01:00,"Female","59",59
"603","wroughtiron_emeraldtreeskink",2015-06-04 15:08:00,"Female","5.7",68.4
"604","ruby_gypsymoth",2015-06-06 09:10:00,"Male","183",183
"605","former_elephantseal",2015-06-06 13:16:00,"Male","71",71
"606","susceptible_boaconstrictor",2015-06-07 14:27:00,"Male","172",172
"607","pitchdark_buckeyebutterfly",2015-06-07 14:28:00,"Male","68",68
"608","conspiratorial_rainbowlorikeet",2015-06-07 20:41:00,"Male","66.9",66.9
"609","heartwhole_eft",2015-06-08 17:30:00,"Male","34",34
"610","sacrilegious_halibut",2015-06-14 10:14:00,"Male","68.5",68.5
"611","vuvuzelaish_octopus",2015-06-14 13:02:00,"Male","74",74
"612","americium_guineafowl",2015-06-14 15:20:00,"Male","25",25
"613","blizzardy_fossa",2015-06-15 22:23:00,"Male","76",76
"614","tin_waterbuck",2015-06-16 13:59:00,"Male","60",60
"615","classical_stingray",2015-06-19 18:00:00,"Male","69",69
"616","gymnastic_southernhairnosedwombat",2015-06-21 11:06:00,"Male","6",72
"617","dynamic_germanshorthairedpointer",2015-06-24 09:41:00,"Male","69",69
"618","lonely_sloth",2015-06-24 22:13:00,"Male","67",67
"619","stoic_arcticduck",2015-06-25 12:16:00,"Male","70",70
"620","honeysweet_hartebeest",2015-06-26 08:01:00,"Male","68.5",68.5
"621","beggarly_bergerpicard",2015-06-27 17:59:00,"Male","70",70
"622","bonny_agama",2015-06-29 20:55:00,"Male","67",67
"623","tridymite_blackcrappie",2015-06-30 12:56:00,"Male","70",70
"624","kindly_olm",2015-06-30 19:48:00,"Male","69",69
"625","albinistic_africanporcupine",2015-07-01 17:38:00,"Female","65",65
"626","statesmanlike_yellowjacket",2015-07-08 11:00:00,"Male","68.9",68.9
"627","nonacculturated_furseal",2015-07-09 11:54:00,"Male","5.9",70.8
"628","warriorlike_americancrocodile",2015-07-09 17:18:00,"Male","168",168
"629","acclimatisable_venomoussnake",2015-07-10 00:48:00,"Female","66.9291",66.9291
"630","wispy_dutchsmoushond",2015-07-10 20:53:00,"Male","70",70
"631","wedded_africanharrierhawk",2015-07-12 23:03:00,"Male","6.5",78
"632","chiselled_velvetcrab",2015-07-13 11:59:00,"Male","70.85",70.85
"633","cosmographical_teledu",2015-07-14 23:17:00,"Male","170",170
"634","unpolitical_bufflehead",2015-07-18 04:37:00,"Male","175",175
"635","abducent_gecko",2015-07-23 00:41:00,"Female","64",64
"636","unfashionable_pekingese",2015-07-23 10:39:00,"Male","69",69
"637","wood_irukandjijellyfish",2015-07-23 11:05:00,"Male","67",67
"638","farsighted_archaeocete",2015-07-23 15:41:00,"Male","72",72
"639","determined_galapagoshawk",2015-07-23 17:13:00,"Male","6",72
"640","reliable_emperorshrimp",2015-07-24 12:38:00,"Male","22",22
"641","bottlegreen_sableantelope",2015-07-24 12:53:00,"Male","67",67
"642","siderophyllite_rabbit",2015-07-26 00:39:00,"Male","72",72
"643","amphitheatric_creature",2015-07-30 02:55:00,"Male","72",72
"644","convulsible_australiankelpie",2015-07-30 15:59:00,"Male","72.83",72.83
"645","carroty_kangaroo",2015-07-31 07:49:00,"Male","70",70
"646","floristic_agama",2015-07-31 22:39:00,"Female","63",63
"647","sublimational_snowmonkey",2015-08-01 23:56:00,"Male","71",71
"648","uptight_appaloosa",2015-08-03 14:14:00,"Male","72",72
"649","convectional_alpaca",2015-08-03 14:15:00,"Male","72",72
"650","medium_appaloosa",2015-08-04 04:05:00,"Male","72.44",72.44
"651","jeanlike_inchworm",2015-08-04 09:54:00,"Male","70",70
"652","wellknown_gemsbuck",2015-08-04 18:54:00,"Male","68",68
"653","domesticated_islandwhistler",2015-08-05 22:13:00,"Female","59",59
"654","metamorphic_zander",2015-08-07 16:01:00,"Male","5.11",61.32
"655","communicatory_americanwigeon",2015-08-10 03:10:00,"Male","684",684
"656","sericultural_equine",2015-08-10 08:56:00,"Male","61.32",61.32
"657","transcrystalline_dorado",2015-08-11 16:49:00,"Male","6",72
"658","marauding_africanfisheagle",2015-08-12 11:17:00,"Male","1",1
"659","equipable_murrelet",2015-08-12 13:23:00,"Male","68",68
"660","nonspheric_gander",2015-08-13 08:51:00,"Male","73",73
"661","isopolitical_americancrayfish",2015-08-14 17:36:00,"Male","71",71
"662","complicated_italiangreyhound",2015-08-15 19:33:00,"Male","69",69
"663","antifeministic_platypus",2015-08-16 02:17:00,"Male","71",71
"664","usual_sow",2015-08-16 10:04:00,"Male","66.93",66.93
"665","airborne_sableantelope",2015-08-17 18:19:00,"Male","1",1
"666","agile_dogfish",2015-08-18 18:09:00,"Male","58",58
"667","likely_indianjackal",2015-08-19 16:38:00,"Female","55",55
"668","antimonarchistic_hapuka",2015-08-20 07:50:00,"Male","70",70
"669","germproof_andeancondor",2015-08-20 14:00:00,"Male","6*12",84
"670","fermentable_chafer",2015-08-24 11:57:00,"Male","66",66
"671","dirtyfaced_flee",2015-08-25 11:46:00,"Male","65",65
"672","unaccepted_indianspinyloach",2015-08-25 17:29:00,"Male","72",72
"673","nonartistic_portuguesemanofwar",2015-08-28 09:33:00,"Female","74",74
"674","amusing_whapuku",2015-08-28 12:27:00,"Male","5 .11",71
"675","doctorial_gharial",2015-08-29 17:11:00,"Male","69",69
"676","cryptographical_canine",2015-08-29 21:03:00,"Male","87",87
"677","coyish_finwhale",2015-08-30 05:58:00,"Male","162",162
"678","inextinguishable_metamorphosis",2015-08-30 14:06:00,"Male","71",71
"679","soldierlike_blackbuck",2015-08-31 03:45:00,"Male","72",72
"680","chorographic_yellowlegs",2015-09-01 22:45:00,"Male","68",68
"681","errable_beauceron",2015-09-02 23:19:00,"Male","69",69
"682","subgeometric_oropendola",2015-09-05 10:58:00,"Male","70",70
"683","chorographical_krill",2015-09-05 22:33:00,"Male","73",73
"684","preggers_genet",2015-09-06 05:24:00,"Male","165",165
"685","bleak_hoatzin",2015-09-07 17:13:00,"Male","184",184
"686","gymnasial_puppy",2015-09-08 06:42:00,"Male","73.22",73.22
"687","priestless_asiandamselfly",2015-09-09 18:34:00,"Female","64",64
"688","graphite_alaskankleekai",2015-09-12 11:19:00,"Male","70",70
"689","irresponsible_flycatcher",2015-09-14 00:52:00,"Male","75",75
"690","audiophilic_aztecant",2015-09-14 22:38:00,"Male","63",63
"691","paranormal_bengaltiger",2015-09-16 00:29:00,"Male","72.05",72.05
"692","biophilic_aracari",2015-09-16 06:17:00,"Male","6",72
"693","sweettempered_robberfly",2015-09-17 22:56:00,"Male","68",68
"694","coverable_fanworms",2015-09-18 17:11:00,"Male","75",75
"695","semiphilosophical_galago",2015-09-18 18:03:00,"Male","68",68
"696","torrid_homalocephale",2015-09-20 01:38:00,"Male","173",173
"697","picturesque_pupfish",2015-09-21 07:26:00,"Male","70",70
"698","corrupting_marten",2015-09-21 11:35:00,"Female","66.1417",66.1417
"699","petit_shelduck",2015-09-23 14:26:00,"Male","74",74
"700","nonphilosophic_gaur",2015-09-24 16:54:00,"Male","1.6",1.6
"701","witching_anhinga",2015-09-25 04:59:00,"Male","68",68
"702","carnivoral_xantusmurrelet",2015-09-25 04:59:00,"Male","68",68
"703","tabarded_warbler",2015-09-28 13:09:00,"Male","70",70
"704","unimaginative_ilsamochadegu",2015-09-29 11:44:00,"Male","71",71
"705","azure_africanporcupine",2015-09-29 11:56:00,"Male","172",172
"706","existent_gartersnake",2015-09-29 12:26:00,"Male","170",170
"707","actuarian_jaguarundi",2015-10-01 12:19:00,"Male","70",70
"708","guiltless_trout",2015-10-02 22:49:00,"Male","70.08",70.08
"709","panicky_peacock",2015-10-04 01:38:00,"Male","67.2",67.2
"710","disillusioned_mouse",2015-10-04 02:10:00,"Male","69",69
"711","semireligious_mutt",2015-10-05 16:18:00,"Male","70",70
"712","astrophilic_barnowl",2015-10-05 16:26:00,"Male","69",69
"713","identical_irishterrier",2015-10-08 16:51:00,"Male","72.44",72.44
"714","teal_starling",2015-10-08 20:15:00,"Male","69",69
"715","flattish_limpet",2015-10-10 12:36:00,"Male","72.45",72.45
"716","antihygienic_wisent",2015-10-10 14:17:00,"Male","69",69
"717","obese_dowitcher",2015-10-12 01:56:00,"Male","67",67
"718","webby_mollusk",2015-10-12 13:30:00,"Male","75.98",75.98
"719","petulant_wildebeest",2015-10-19 16:06:00,"Male","71",71
"720","polarized_pacificparrotlet",2015-10-22 03:51:00,"Male","67",67
"721","uncrystalline_aidi",2015-10-22 13:04:00,"Male","71",71
"722","antischool_siskin",2015-10-26 02:26:00,"Male","5.7",68.4
"723","unfoolish_plover",2015-10-26 14:18:00,"Male","5.5",66
"724","atypical_shoveler",2015-10-31 00:30:00,"Male","62",62
"725","terroristic_americanratsnake",2015-11-03 11:16:00,"Male","71",71
"726","demented_hound",2015-11-04 16:37:00,"Male","74",74
"727","distrustful_myotis",2015-11-08 16:32:00,"Male","69",69
"728","dissatisfied_snowmonkey",2015-11-09 11:17:00,"Male","72",72
"729","instrumental_metamorphosis",2015-11-11 19:47:00,"Male","174",174
"730","pinkish_echidna",2015-11-13 13:02:00,"Male","170",170
"731","highclass_snowleopard",2015-11-14 12:36:00,"Male","68",68
"732","dizzy_amazontreeboa",2015-11-14 13:13:00,"Male","66.9291",66.9291
"733","shamanic_otter",2015-11-16 09:48:00,"Male","63",63
"734","semiemotional_leech",2015-11-21 13:36:00,"Female","160",160
"735","suspicious_queenconch",2015-11-22 08:05:00,"Male","120",120
"736","registerable_shelduck",2015-11-22 08:07:00,"Male","120",120
"737","disputable_perch",2015-11-23 01:59:00,"Female","23",23
"738","redoubtable_hog",2015-11-23 09:20:00,"Male","70",70
"739","corduroy_warbler",2015-11-24 10:39:00,"Male","192",192
"740","ratlike_barnowl",2015-11-26 02:36:00,"Male","68",68
"741","abstracted_tarantula",2015-11-26 02:37:00,"Male","69",69
"742","tyrannical_coelacanth",2015-11-28 16:16:00,"Male","5 11",71
"743","cobwebby_guppy",2015-11-29 10:27:00,"Male","71",71
"744","cocky_porcupine",2015-11-30 00:48:00,"Male","69.3",69.3
"745","pseudoconservative_mockingbird",2015-12-02 08:57:00,"Male","167",167
"746","nonprophetical_songbird",2015-12-02 17:22:00,"Male","70.866",70.866
"747","semirebellious_waxwing",2015-12-04 01:31:00,"Male","67",67
"748","nondemocratic_azurevasesponge",2015-12-08 07:53:00,"Male","67.72",67.72
"749","fabled_leafhopper",2015-12-09 17:16:00,"Male","70",70
"750","deliberative_liger",2015-12-16 11:24:00,"Male","67",67
"751","unaroused_redstart",2015-12-16 22:20:00,"Male","65",65
"752","aforementioned_hapuku",2015-12-18 06:31:00,"Male","67",67
"753","medical_grasshopper",2015-12-21 19:41:00,"Female","62.4",62.4
"754","precrystalline_hapuku",2015-12-22 18:21:00,"Male","71",71
"755","shapeable_flyingfox",2015-12-22 19:03:00,"Male","150",150
"756","elicitable_fulmar",2015-12-23 10:17:00,"Male","72",72
"757","garlicky_atlanticbluetang",2015-12-25 05:20:00,"Male","68",68
"758","planetoidal_zebratailedlizard",2015-12-26 09:59:00,"Male","75",75
"759","faintish_velvetworm",2015-12-27 08:54:00,"Male","72",72
"760","probable_uromastyxmaliensis",2015-12-29 12:54:00,"Male","66",66
"761","revered_ibisbill",2016-01-05 03:59:00,"Male","71",71
"762","leachy_centipede",2016-01-05 10:05:00,"Male","76",76
"763","concave_unau",2016-01-05 14:36:00,"Male","69",69
"764","animalistic_queenalexandrasbirdwingbutterfly",2016-01-06 17:56:00,"Male","69",69
"765","materialistic_degus",2016-01-10 19:31:00,"Male","1.7",1.7
"766","ondontophobic_spoonbill",2016-01-11 11:57:00,"Male","66",66
"767","orthogonal_pittabird",2016-01-11 21:31:00,"Male","174",174
"768","costly_xenopterygii",2016-01-12 08:42:00,"Male","69.29",69.29
"769","georgiaite_chevrotain",2016-01-14 14:33:00,"Male","72",72
"770","hasteless_hippopotamus",2016-01-18 09:49:00,"Male","5.8",69.6
"771","philharmonic_pug",2016-01-18 16:27:00,"Female","64",64
"772","forgeable_hydra",2016-01-18 16:49:00,"Male","66",66
"773","nonspinal_massospondylus",2016-01-19 16:31:00,"Male","70",70
"774","nonsolicitous_chimpanzee",2016-01-20 10:09:00,"Male","67",67
"775","zinnwaldite_hummingbird",2016-01-21 01:09:00,"Male","75.6",75.6
"776","companionable_cassowary",2016-01-21 04:17:00,"Male","71.5",71.5
"777","wormish_rottweiler",2016-01-21 13:38:00,"Male","6",72
"778","doltish_millipede",2016-01-25 08:15:00,"Female","63",63
"779","paleozoologic_raven",2016-01-25 08:15:00,"Female","62",62
"780","promonarchy_bedbug",2016-01-25 08:15:00,"Male","69",69
"781","experimental_dikdik",2016-01-25 08:15:00,"Female","68",68
"782","gadgety_grub",2016-01-25 08:15:00,"Male","71.65",71.65
"783","ambisyllabic_dikkops",2016-01-25 08:15:00,"Male","75",75
"784","consecutive_titi",2016-01-25 08:15:00,"Male","68.8976",68.8976
"785","teenyweeny_hammerkop",2016-01-25 08:15:00,"Male","74",74
"786","superangelic_fantail",2016-01-25 08:15:00,"Female","65",65
"787","botchy_burro",2016-01-25 08:15:00,"Female","5'4",64
"788","priceless_quokka",2016-01-25 08:15:00,"Female","5'8",68
"789","rubbly_darklingbeetle",2016-01-25 08:15:00,"Female","5'5",65
"790","super_adamsstaghornedbeetle",2016-01-25 08:15:00,"Female","64",64
"791","postwar_scarab",2016-01-25 08:15:00,"Female","67",67
"792","unamorous_cusimanse",2016-01-25 08:15:00,"Male","69",69
"793","hippophobic_goose",2016-01-25 08:15:00,"Male","5.8",69.6
"794","affable_gorilla",2016-01-25 08:15:00,"Female","67",67
"795","elaborate_seaslug",2016-01-25 08:15:00,"Female","68.8976",68.8976
"796","highfaluting_rattlesnake",2016-01-25 08:15:00,"Female","62.6",62.6
"797","revengeful_megaraptor",2016-01-25 08:15:00,"Male","70",70
"798","creamcolored_grub",2016-01-25 08:15:00,"Female","69",69
"799","uncalorific_cub",2016-01-25 08:15:00,"Female","65",65
"800","elmy_lovebird",2016-01-25 08:15:00,"Female","63",63
"801","semiintellectual_springbok",2016-01-25 08:15:00,"Male","67.3",67.3
"802","curium_inexpectatumpleco",2016-01-25 08:16:00,"Female","64.2",64.2
"803","snappy_astarte",2016-01-25 08:16:00,"Female","63",63
"804","dicey_zanzibardaygecko",2016-01-25 08:16:00,"Male","5.1",61.2
"805","filterable_perch",2016-01-25 08:16:00,"Male","67",67
"806","northeastern_yaffle",2016-01-25 08:16:00,"Male","5.11",61.32
"807","tigerseye_giraffe",2016-01-25 08:16:00,"Female","61",61
"808","quasipolitical_peccary",2016-01-25 08:16:00,"Female","61",61
"809","hexahedral_hen",2016-01-25 08:17:00,"Female","68.11",68.11
"810","average_sow",2016-01-25 08:17:00,"Female","66.14",66.14
"811","foggy_coelacanth",2016-01-25 08:18:00,"Female","67.5",67.5
"812","curdy_woollybearcaterpillar",2016-01-25 08:19:00,"Female","60",60
"813","restrictive_taruca",2016-01-25 08:20:00,"Female","5.7",68.4
"814","avian_dove",2016-01-25 08:24:00,"Female","67.72",67.72
"815","astrobiological_swordfish",2016-01-25 08:28:00,"Female","66",66
"816","ironical_sidewinder",2016-01-25 08:29:00,"Male","5'7",67
"817","overluxurious_bats",2016-01-25 08:34:00,"Female","70",70
"818","sibling_kangaroo",2016-01-25 14:39:00,"Female","5'6",66
"819","expensive_orangutan",2016-01-25 16:32:00,"Female","64.5",64.5
"820","ecological_antelopegroundsquirrel",2016-01-25 16:57:00,"Female","68",68
"821","wearable_cockroach",2016-01-25 19:52:00,"Male","69",69
"822","semimagical_shark",2016-01-25 21:18:00,"Male","68",68
"823","hotheaded_krill",2016-01-25 22:02:00,"Male","5'11",71
"824","tenderhearted_titi",2016-01-25 22:55:00,"Male","76",76
"825","ellipsoidal_peafowl",2016-01-25 23:49:00,"Male","70.8661",70.8661
"826","renegotiable_gonolek",2016-01-26 00:09:00,"Male","66",66
"827","circumstantial_trumpeterbird",2016-01-26 03:51:00,"Female","67",67
"828","antidemocratic_fennecfox",2016-01-26 08:42:00,"Male","71",71
"829","waterborne_macaque",2016-01-26 09:49:00,"Female","62.5",62.5
"830","cottony_mouflon",2016-01-26 09:49:00,"Male","5'7",67
"831","duncical_swordfish",2016-01-26 09:49:00,"Male","5'7",67
"832","undrinkable_harvestmouse",2016-01-26 09:49:00,"Male","172",172
"833","unalphabetic_gelada",2016-01-26 09:50:00,"Female","60",60
"834","protactium_giraffe",2016-01-26 09:51:00,"Male","67",67
"835","judgmental_xuanhanosaurus",2016-01-26 09:51:00,"Female","5'8",68
"836","untheologic_verdin",2016-01-26 09:51:00,"Male","75",75
"837","floaty_quail",2016-01-26 09:51:00,"Male","65",65
"838","egoistic_bluebreastedkookaburra",2016-01-26 09:52:00,"Male","65",65
"839","amberous_swellfish",2016-01-26 09:52:00,"Female","64",64
"840","saddening_mongoose",2016-01-26 09:53:00,"Female","62",62
"841","convictive_bug",2016-01-26 09:54:00,"Male","180",180
"842","generic_hamadryas",2016-01-26 09:55:00,"Male","75",75
"843","lacquerware_abyssiniancat",2016-01-26 09:55:00,"Male","5' 11",71
"844","reanalyzable_waterbug",2016-01-26 09:56:00,"Female","67",67
"845","unpleasant_yellowbelliedmarmot",2016-01-26 09:57:00,"Male","72",72
"846","gnarly_americanmarten",2016-01-26 10:00:00,"Female","5",60
"847","titanous_americancrow",2016-01-26 10:01:00,"Male","68",68
"848","patterny_uromastyxmaliensis",2016-01-26 10:01:00,"Female","64",64
"849","attentive_europeanpolecat",2016-01-26 10:01:00,"Male","180",180
"850","pseudoscholastic_eel",2016-01-26 10:01:00,"Male","180",180
"851","selfcolored_indri",2016-01-26 10:02:00,"Male","6'1",73
"852","protective_adouri",2016-01-26 10:03:00,"Male","75.4",75.4
"853","gaseous_desertpupfish",2016-01-26 10:05:00,"Female","68",68
"854","insectean_xraytetra",2016-01-26 10:08:00,"Male","70",70
"855","cleanable_antlion",2016-01-26 10:09:00,"Male","5.9",70.8
"856","indigoid_pitbull",2016-01-26 10:12:00,"Female","63",63
"857","geographical_queenant",2016-01-26 10:13:00,"Female","5.2",62.4
"858","stable_germanshepherd",2016-01-26 10:15:00,"Male","73",73
"859","metalline_chamois",2016-01-26 10:15:00,"Male","72",72
"860","managing_copepod",2016-01-26 10:21:00,"Female","68",68
"861","therapeutic_mule",2016-01-26 10:27:00,"Female","61",61
"862","hypersaintly_lark",2016-01-26 10:36:00,"Female","60",60
"863","uncrystallisable_jellyfish",2016-01-26 10:40:00,"Male","5.5",66
"864","duskish_mastiff",2016-01-26 10:40:00,"Female","63",63
"865","superstylish_equestrian",2016-01-26 10:44:00,"Male","67",67
"866","outer_boutu",2016-01-26 10:53:00,"Female","69",69
"867","hexametral_swellfish",2016-01-26 10:57:00,"Male","74",74
"868","uninterested_ptarmigan",2016-01-26 11:00:00,"Female","68",68
"869","tangled_egg",2016-01-26 11:12:00,"Male","70",70
"870","gerascophobic_maltesedog",2016-01-26 11:14:00,"Male","73",73
"871","concretionary_tegus",2016-01-26 11:19:00,"Male","70",70
"872","pentangular_blacknorwegianelkhound",2016-01-26 11:24:00,"Female","60",60
"873","quasischolastic_ibex",2016-01-26 11:34:00,"Female","66",66
"874","framable_rabbit",2016-01-26 11:53:00,"Female","68",68
"875","unalphabetical_grub",2016-01-26 11:55:00,"Male","5' 7",67
"876","cinematic_prairiedog",2016-01-26 11:57:00,"Male","65",65
"877","acute_greyhounddog",2016-01-26 12:02:00,"Male","71",71
"878","scorpaenoid_inganue",2016-01-26 12:02:00,"Female","5'10''",70
"879","unlovely_waterdogs",2016-01-26 12:38:00,"Male","65",65
"880","motionless_asiansmallclawedotter",2016-01-26 12:42:00,"Male","72.8346",72.8346
"881","distractible_bichonfrise",2016-01-26 13:09:00,"Female","5.51",66.12
"882","lignite_riograndeescuerzo",2016-01-26 13:25:00,"Male","5'10",70
"883","overdestructive_squirrel",2016-01-26 13:27:00,"Male","70",70
"884","illiterate_tigershark",2016-01-26 13:28:00,"Female","65",65
"885","creamy_barasingha",2016-01-26 13:46:00,"Male","5'10",70
"886","synecological_langur",2016-01-26 14:02:00,"Male","70",70
"887","pyrocrystalline_newfoundlanddog",2016-01-26 15:05:00,"Female","67.7",67.7
"888","blackcoated_buzzard",2016-01-26 15:16:00,"Female","62",62
"889","illhumored_honeyeater",2016-01-26 15:19:00,"Male","5ft 9 inches",69
"890","chromophobic_pomeranian",2016-01-26 15:19:00,"Male","5 ft 9 inches",69
"891","remittable_mara",2016-01-26 15:38:00,"Female","5'2",62
"892","rich_flyingfish",2016-01-26 16:20:00,"Male","74",74
"893","armourclad_puppy",2016-01-26 16:42:00,"Male","5'11",71
"894","efficacious_dorado",2016-01-26 16:46:00,"Female","70",70
"895","goodtempered_eastsiberianlaika",2016-01-26 17:03:00,"Male","64",64
"896","patient_tigermoth",2016-01-26 17:38:00,"Male","73",73
"897","resalable_tragopan",2016-01-26 18:01:00,"Male","70",70
"898","wicked_easternnewt",2016-01-26 18:34:00,"Male","66",66
"899","unwashed_cockatoo",2016-01-26 18:34:00,"Male","66",66
"900","urban_barracuda",2016-01-26 18:55:00,"Male","5.8",69.6
"901","presentient_jenny",2016-01-26 18:57:00,"Female","62",62
"902","topazine_perch",2016-01-26 19:13:00,"Female","66",66
"903","metapsychological_northernfurseal",2016-01-26 19:18:00,"Female","64",64
"904","symbolic_longhornbeetle",2016-01-26 19:55:00,"Male","67",67
"905","apian_quoll",2016-01-26 20:03:00,"Male","71",71
"906","oversize_muntjac",2016-01-26 20:14:00,"Male","78",78
"907","diamantine_americancicada",2016-01-26 21:17:00,"Male","69",69
"908","nonartistical_merganser",2016-01-26 21:25:00,"Female","5.7",68.4
"909","herpetologic_nematode",2016-01-26 21:38:00,"Male","70",70
"910","existential_reptile",2016-01-26 21:46:00,"Female","65",65
"911","ultratropical_hart",2016-01-26 22:42:00,"Male","70",70
"912","monocultural_foxhound",2016-01-26 23:08:00,"Male","167",167
"913","womanly_asp",2016-01-26 23:20:00,"Male","71",71
"914","roguish_lowchen",2016-01-27 01:38:00,"Male","68",68
"915","unsympathetic_gourami",2016-01-27 01:42:00,"Female","67",67
"916","anthophilic_northernpike",2016-01-27 03:15:00,"Male","168",168
"917","deep_urial",2016-01-27 06:29:00,"Female","64",64
"918","gossipy_peccary",2016-01-27 07:42:00,"Male","68",68
"919","velour_asianporcupine",2016-01-27 08:27:00,"Female","60",60
"920","correctional_andalusianhorse",2016-01-27 09:34:00,"Female","64",64
"921","unmerchantable_australiansilkyterrier",2016-01-27 11:48:00,"Male","73.2",73.2
"922","tonguetied_barebirdbat",2016-01-27 16:10:00,"Male","6",72
"923","rough_flickertailsquirrel",2016-01-27 17:19:00,"Male","6.1",73.2
"924","finicky_manxcat",2016-01-27 18:39:00,"Male","71",71
"925","corroborant_saltwatercrocodile",2016-01-27 18:39:00,"Male","72.44",72.44
"926","antiheroic_goosefish",2016-01-27 20:42:00,"Female","67",67
"927","misanthropic_nightingale",2016-01-28 01:50:00,"Male","71",71
"928","uncongested_kingsnake",2016-02-02 01:34:00,"Male","5'11''",71
"929","fireretardant_rottweiler",2016-02-03 10:30:00,"Male","68.89",68.89
"930","unkempt_lamprey",2016-02-03 10:31:00,"Male","68.89",68.89
"931","supportive_atlanticbluetang",2016-02-03 13:09:00,"Male","5.69",68.28
"932","convective_dogwoodtwigborer",2016-02-05 02:03:00,"Male","178",178
"933","domineering_verdin",2016-02-05 16:50:00,"Male","182",182
"934","frosty_ibex",2016-02-06 06:52:00,"Female","69",69
"935","spheral_scoter",2016-02-06 17:52:00,"Female","164",164
"936","unapologetic_leopard",2016-02-06 20:14:00,"Female","66",66
"937","irrelevant_thrush",2016-02-08 17:22:00,"Male","68",68
"938","elastic_numbat",2016-02-08 21:21:00,"Male","70",70
"939","responsive_massasauga",2016-02-11 08:14:00,"Male","70",70
"940","unhumanitarian_albatross",2016-02-11 11:49:00,"Male","5'8",68
"941","revolutionary_lobster",2016-02-15 06:41:00,"Male","70.1",70.1
"942","disgraceful_starfish",2016-02-16 05:36:00,"Female","185",185
"943","uncategorised_zeren",2016-02-16 14:39:00,"Male","6",72
"944","ionic_cardinal",2016-02-18 09:55:00,"Male","86",86
"945","oceanic_zebraswallowtailbutterfly",2016-02-21 02:44:00,"Male","72",72
"946","especial_bordercollie",2016-02-21 06:52:00,"Male","66",66
"947","wayward_wildebeast",2016-02-22 02:08:00,"Male","66",66
"948","inherited_andalusianhorse",2016-02-22 07:09:00,"Male","69",69
"949","piratic_northernelephantseal",2016-02-23 14:47:00,"Male","66",66
"950","interlibrary_katydid",2016-02-28 01:35:00,"Male","78.74",78.74
"951","corporatist_angwantibo",2016-03-01 02:38:00,"Male","5.7",68.4
"952","festive_zenaida",2016-03-03 00:33:00,"Male","70",70
"953","coyish_islandwhistler",2016-03-03 12:26:00,"Male","67",67
"954","chargeable_bluetonguelizard",2016-03-08 12:43:00,"Male","66",66
"955","fermentable_duckbillplatypus",2016-03-11 11:12:00,"Male","70",70
"956","nutty_dungenesscrab",2016-03-12 06:12:00,"Male","708,661",9157
"957","antioptimistical_ringworm",2016-03-12 21:03:00,"Female","5.25",63
"958","runtish_silverfox",2016-03-14 08:38:00,"Male","72.8346",72.8346
"959","wisdomless_virginiaopossum",2016-03-14 19:02:00,"Male","67.7",67.7
"960","nitpicking_albacoretuna",2016-03-15 06:06:00,"Male","72",72
"961","shady_jaguar",2016-03-16 13:56:00,"Female","69",69
"962","crass_waterbuck",2016-03-17 07:08:00,"Male","5.5",66
"963","blasphemous_grouse",2016-03-18 00:45:00,"Male","5 feet 6 inches",66
"964","intercranial_blackfootedferret",2016-03-21 01:12:00,"Male","5'10''",70
"965","uncrystalled_tomtit",2016-03-21 01:33:00,"Male","172",172
"966","exploitative_hydatidtapeworm",2016-03-22 23:28:00,"Male","67",67
"967","unlightened_ferret",2016-03-25 14:45:00,"Male","6",72
"968","antipestilential_catbird",2016-03-25 17:44:00,"Female","5'8",68
"969","bairnly_beauceron",2016-03-28 19:53:00,"Female","69",69
"970","autonomous_tayra",2016-03-29 20:46:00,"Male","64.9",64.9
"971","preeconomic_groundhog",2016-03-30 03:32:00,"Male","160",160
"972","fishable_erne",2016-04-02 12:48:00,"Male","6'3",75
"973","cut_archerfish",2016-04-06 13:10:00,"Male","69",69
"974","antioptimistic_cicada",2016-04-09 02:56:00,"Female","64.96",64.96
"975","dotted_aurochs",2016-04-10 07:23:00,"Male","649,606",8394
"976","converted_foxterrier",2016-04-10 22:45:00,"Male","10000",10000
"977","olericultural_americanalligator",2016-04-12 08:02:00,"Male","64.5",64.5
"978","eventempered_birdofparadise",2016-04-12 12:28:00,"Male","64",64
"979","intense_ibadanmalimbe",2016-04-13 22:48:00,"Male","65",65
"980","antagonisable_americancreamdraft",2016-04-19 19:43:00,"Male","70",70
"981","rayon_europeanfiresalamander",2016-04-20 14:31:00,"Male","5.1",61.2
"982","collective_rockrat",2016-04-20 21:28:00,"Male","67",67
"983","stegophilic_asianconstablebutterfly",2016-04-21 06:15:00,"Male","152",152
"984","acidophobic_purplemarten",2016-04-22 04:28:00,"Male","1",1
"985","polar_andalusianhorse",2016-04-23 17:15:00,"Male","67.5",67.5
"986","establishmentarian_crownofthornsstarfish",2016-04-25 06:11:00,"Male","180",180
"987","gynephilic_xuanhuasaurus",2016-04-25 06:11:00,"Male","70.86",70.86
"988","ambigious_hornedtoad",2016-04-27 04:46:00,"Male","728,346",9082
"989","continuous_puppy",2016-04-28 03:04:00,"Male","175",175
"990","attack_arabianoryx",2016-04-30 10:22:00,"Male","70",70
"991","grownup_gibbon",2016-05-02 20:07:00,"Male","158",158
"992","crabby_gilamonster",2016-05-05 15:32:00,"Male","173",173
"993","blondish_moose",2016-05-06 16:24:00,"Male","164",164
"994","shocked_indigowingedparrot",2016-05-07 09:10:00,"Male","6 04",76
"995","skilled_longhorn",2016-05-08 07:48:00,"Male","169",169
"996","deformative_reynard",2016-05-08 09:11:00,"Female","0",0
"997","checkered_banteng",2016-05-08 16:07:00,"Male","70",70
"998","asteria_carp",2016-05-10 06:33:00,"Male","185",185
"999","crusty_tapir",2016-05-10 09:47:00,"Male","168",168
"1000","unlightened_woodstorks",2016-05-11 11:13:00,"Male","5'9",69
"1001","insentient_stag",2016-05-12 08:06:00,"Male","169",169
"1002","corrosive_polarbear",2016-05-12 16:02:00,"Male","5'5''",65
"1003","expedient_bass",2016-05-13 10:19:00,"Male","68",68
"1004","marmatite_chanticleer",2016-05-13 11:29:00,"Male","174",174
"1005","unfeared_purplemarten",2016-05-14 05:40:00,"Male","68",68
"1006","illdisposed_zebrafish",2016-05-14 05:43:00,"Male","68.11024",68.11024
"1007","smalltime_tragopan",2016-05-16 07:03:00,"Male","6.3",75.6
"1008","weighted_beetle",2016-05-18 19:18:00,"Male","69",69
"1009","dry_annashummingbird",2016-05-20 01:36:00,"Male","179",179
"1010","governable_greatwhiteshark",2016-05-22 01:53:00,"Male","66",66
"1011","nonliteral_seahog",2016-05-22 06:17:00,"Male","69",69
"1012","ununbium_herring",2016-05-22 08:02:00,"Male","5'7",67
"1013","alphabetical_racerunner",2016-05-22 16:02:00,"Male","68.89",68.89
"1014","plutonium_beardeddragon",2016-05-22 20:33:00,"Male","73.22",73.22
"1015","cognitive_human",2016-05-23 00:28:00,"Male","66",66
"1016","palaeobotanic_dotterel",2016-05-23 02:01:00,"Male","5.5",66
"1017","decomposed_basilisk",2016-05-26 07:52:00,"Male","6",72
"1018","freakish_vulpesvulpes",2016-05-26 16:36:00,"Male","75",75
"1019","effaceable_southernhairnosedwombat",2016-05-30 14:30:00,"Male","6",72
"1020","clumsy_americanrobin",2016-06-01 08:59:00,"Male","170",170
"1021","apprehensive_marbledmurrelet",2016-06-05 14:07:00,"Female","52",52
"1022","physiological_baboon",2016-06-05 14:07:00,"Female","52",52
"1023","semiacidic_boaconstrictor",2016-06-15 08:44:00,"Female","79",79
"1024","diamantiferous_tapaculo",2016-06-21 00:33:00,"Male","70",70
"1025","voodooistic_hake",2016-06-28 13:01:00,"Male","6",72
"1026","cryptozoic_chuckwalla",2016-06-30 00:45:00,"Male","172",172
"1027","cataclysmic_sunbear",2016-07-16 13:43:00,"Female","64",64
"1028","unacidic_zopilote",2016-07-23 18:27:00,"Male","68.11",68.11
"1029","affirmative_abalone",2016-07-26 13:02:00,"Male","67",67
"1030","acidy_stagbeetle",2016-07-30 18:25:00,"Male","158",158
"1031","sweating_africanaugurbuzzard",2016-08-01 01:15:00,"Female","100",100
"1032","straightforward_tegus",2016-08-04 21:59:00,"Male","75",75
"1033","edgy_irishdraughthorse",2016-08-08 20:48:00,"Male","75",75
"1034","confident_argentinehornedfrog",2016-08-21 18:50:00,"Male","81",81
"1035","disdainful_leopardseal",2016-09-16 00:56:00,"Male","69",69
"1036","interspinal_sanderling",2016-10-16 14:30:00,"Male","68.8976378",68.8976378
"1037","linguistic_yeti",2016-10-19 10:46:00,"Male","159",159
"1038","dovish_longhornbeetle",2016-10-28 13:15:00,"Male","76",76
"1039","caffeinated_lark",2016-11-06 10:21:00,"Female","190",190
"1040","shellshocked_gibbon",2016-11-13 23:16:00,"Male","69.6",69.6
"1041","unfrightening_tick",2016-11-22 14:04:00,"Male","5.7",68.4
"1042","aphidian_easteuropeanshepherd",2016-12-05 03:10:00,"Female","63",63
"1043","streaky_uintagroundsquirrel",2016-12-13 20:34:00,"Male","70",70
"1044","unspecialized_iberianemeraldlizard",2016-12-28 05:35:00,"Male","72.44",72.44
"1045","earthly_beagle",2017-01-13 17:43:00,"Female","66",66
"1046","poachable_atlanticblackgoby",2017-01-17 09:06:00,"Male","170",170
"1047","impolite_indianskimmer",2017-01-17 12:01:00,"Male","158",158
"1048","fungal_tarsier",2017-01-24 06:11:00,"Male","73",73
"1049","clumpish_halibut",2017-01-24 08:37:00,"Male","72",72
"1050","corporative_wuerhosaurus",2017-01-30 16:48:00,"Female","60",60
"1051","tainted_irishwaterspaniel",2017-02-06 09:57:00,"Male","6'4",76
"1052","trueborn_cusimanse",2017-02-06 20:10:00,"Male","65",65
"1053","veryblue_halibut",2017-02-26 23:17:00,"Male","66",66
"1054","crazy_chevrotain",2017-03-05 12:31:00,"Male","180",180
"1055","vinicultural_fieldspaniel",2017-03-23 08:17:00,"Male","68.9",68.9
"1056","addlebrained_chickadee",2017-03-25 12:35:00,"Male","5.57",66.84
"1057","apiological_yak",2017-03-27 18:49:00,"Male","71",71
"1058","unpsychopathic_frilledlizard",2017-03-29 11:00:00,"Female","5'4",64
"1059","visible_guillemot",2017-04-03 16:16:00,"Male","210",210
"1060","soured_arabianwildcat",2017-04-16 11:48:00,"Male","72",72
"1061","unholy_stoat",2017-04-16 15:19:00,"Male","68",68
"1062","local_xiphosuran",2017-04-20 05:35:00,"Male","67",67
"1063","cottony_dorking",2017-04-26 00:30:00,"Male","88",88
"1064","gummy_finnishspitz",2017-04-26 13:14:00,"Male","69",69
"1065","noncultured_icelandichorse",2017-05-04 03:09:00,"Female","64.2",64.2
"1066","pseudozoological_ilsamochadegu",2017-05-09 00:30:00,"Male","6",72
"1067","dirgeful_gerbil",2017-05-18 13:36:00,"Male","63",63
"1068","paleopsychological_whippoorwill",2017-05-25 11:31:00,"Female","162",162
"1069","leftist_cheetah",2017-06-07 18:41:00,"Male","66",66
"1070","hexahedral_eastsiberianlaika",2017-06-19 04:20:00,"Male","170 cm",66.92917
"1071","invulnerable_seahorse",2017-06-21 15:13:00,"Male","74",74
"1072","uncreative_rodent",2017-06-22 09:46:00,"Male","72",72
"1073","immobile_horse",2017-06-29 06:55:00,"Male","5.7",68.4
"1074","crustaceous_irishdraughthorse",2017-06-30 05:03:00,"Male","71",71
"1075","uncivic_anglerfish",2017-07-04 01:30:00,"Male","50",50
"1076","lemuroid_martin",2017-07-06 06:04:00,"Male","170",170
"1077","apiologic_pygmy",2017-07-09 13:35:00,"Male","157",157
"1078","antarthritic_collardlizard",2017-07-12 13:06:00,"Male","186",186
"1079","deliberate_maiasaura",2017-07-14 09:30:00,"Male","65",65
"1080","warmish_australiankestrel",2017-07-25 07:40:00,"Male","170",170
"1081","exalted_sow",2017-08-07 05:28:00,"Male","63",63
"1082","earthen_walleye",2017-08-09 12:16:00,"Male","7,283,465",367
"1083","pisciform_gyrfalcon",2017-08-11 17:35:00,"Male","74",74
"1084","rosy_bee",2017-08-19 04:41:00,"Male","67.7165",67.7165
"1085","semicultured_racerunner",2017-08-21 05:10:00,"Male","5",60
"1086","hyperangelic_yellowjacket",2017-08-21 05:10:00,"Male","5",60
"1087","followable_quahog",2017-08-30 12:57:00,"Female","34",34
"1088","ophthalmological_harrierhawk",2017-09-02 14:41:00,"Male","69",69
"1089","tratasyllabical_bantamrooster",2017-09-04 07:28:00,"Male","69",69
"1090","indigenous_dobermanpinscher",2017-09-07 10:40:00,"Male","50",50
"1091","hemihedral_aquaticleech",2017-09-09 16:56:00,"Female","69",69
"1092","selenium_addax",2017-10-03 21:31:00,"Male","69",69
"1093","carboniferous_frenchbulldog",2017-10-04 10:01:00,"Male","161",161
"1094","neutered_hedgehog",2017-10-14 14:07:00,"Male","5'6",66
"1095","electrocardiographic_spoonbill",2017-10-14 14:07:00,"Male","5'6",66
